Date,Subscribers
2012-04-16,2
2012-04-17,2
2012-04-18,2
2012-04-19,2
2012-04-20,2
2012-04-21,2
2012-04-22,2
2012-04-24,2
2012-04-25,2
2012-04-26,2
2012-04-27,2
2012-04-28,2
2012-04-29,2
2012-04-30,2
2012-05-02,2
2012-05-05,2
2012-05-15,2
2012-05-28,2
2012-06-09,2
2012-06-16,2
2012-06-25,2
2012-06-27,2
2012-06-29,2
2012-07-01,2
2012-07-02,2
2012-07-13,2
2012-07-15,2
2012-07-16,2
2012-07-21,2
2012-07-24,2
2012-07-26,2
2012-07-29,2
2012-08-06,2
2012-08-07,2
2012-08-08,2
2012-08-13,2
2012-08-26,2
2012-08-28,2
2012-08-29,2
2012-08-30,2
2012-08-31,2
2012-09-03,2
2012-09-05,2
2012-09-08,2
2012-09-10,2
2012-09-13,2
2012-09-14,2
2012-09-18,2
2012-09-19,2
2012-10-02,2
2012-10-06,2
2012-10-10,2
2012-10-14,2
2012-10-15,2
2012-10-16,2
2012-10-17,2
2012-10-18,2
2012-10-25,2
2012-10-26,2
2012-11-02,2
2012-11-03,2
2012-11-04,2
2012-11-20,2
2012-11-22,2
2012-11-24,2
2012-12-05,2
2012-12-06,2
2012-12-09,2
2012-12-15,2
2012-12-19,2
2012-12-20,2
2012-12-21,2
2012-12-22,2
2012-12-24,2
2012-12-31,2
2013-01-01,2
2013-01-02,2
2013-01-04,2
2013-01-07,2
2013-01-10,2
2013-01-16,2
2013-01-24,2
2013-01-30,2
2013-02-05,2
2013-02-18,2
2013-02-20,1
2013-02-22,1
2013-03-11,1
2013-03-24,1
2013-03-31,1
2013-04-11,1
2013-05-08,1
2013-05-09,1
2013-05-10,1
2013-05-12,1
2013-05-20,1
2013-05-27,1
2013-06-20,1
2013-06-26,2
2013-06-29,2
2013-07-12,2
2013-07-15,2
2013-07-25,2
2013-07-27,2
2013-07-28,2
2013-08-08,2
2013-08-26,2
2013-08-28,3
2013-08-29,3
2013-09-02,3
2013-09-03,3
2013-09-10,3
2013-09-17,3
2013-09-26,3
2013-09-27,3
2013-09-28,3
2013-10-07,3
2013-10-09,3
2013-10-12,3
2013-10-15,3
2013-10-27,3
2013-10-28,3
2013-11-07,3
2013-11-15,3
2013-11-18,3
2013-11-24,3
2013-12-04,3
2013-12-06,3
2013-12-12,3
2013-12-23,3
2013-12-26,3
2013-12-31,3
2014-01-05,3
2014-01-13,3
2014-01-23,3
2014-01-26,3
2014-01-27,3
2014-02-04,3
2014-02-13,3
2014-02-15,3
2014-02-26,3
2014-02-27,3
2014-02-28,3
2014-03-01,3
2014-03-02,3
2014-03-03,3
2014-03-04,3
2014-03-05,3
2014-03-08,3
2014-03-13,3
2014-03-17,3
2014-03-19,3
2014-03-20,3
2014-03-22,3
2014-03-25,3
2014-03-27,3
2014-04-03,3
2014-04-06,3
2014-04-14,3
2014-04-18,3
2014-04-27,3
2014-05-01,3
2014-05-11,3
2014-05-14,3
2014-05-16,3
2014-05-17,3
2014-05-23,3
2014-05-24,3
2014-05-25,3
2014-05-27,3
2014-05-29,3
2014-05-30,3
2014-06-05,3
2014-06-11,3
2014-06-12,3
2014-06-14,3
2014-06-18,3
2014-06-27,3
2014-07-05,3
2014-07-07,3
2014-07-09,3
2014-07-14,3
2014-07-20,3
2014-07-22,3
2014-07-23,3
2014-07-25,3
2014-08-04,3
2014-08-07,3
2014-08-09,3
2014-08-21,3
2014-08-24,3
2014-08-28,3
2014-09-01,3
2014-09-02,3
2014-09-04,3
2014-09-07,3
2014-09-11,3
2014-09-14,3
2014-09-15,3
2014-09-16,3
2014-09-18,3
2014-09-19,3
2014-09-20,3
2014-09-22,3
2014-09-24,3
2014-09-26,3
2014-09-27,3
2014-09-28,3
2014-09-30,3
2014-10-01,3
2014-10-03,3
2014-10-06,3
2014-10-08,3
2014-10-09,3
2014-10-10,3
2014-10-12,3
2014-10-14,3
2014-10-18,3
2014-10-20,3
2014-10-21,3
2014-10-22,3
2014-10-23,3
2014-10-27,3
2014-11-02,3
2014-11-05,3
2014-11-10,3
2014-11-12,3
2014-11-20,3
2014-11-28,3
2014-12-01,3
2014-12-02,3
2014-12-04,3
2014-12-07,3
2014-12-08,3
2014-12-10,3
2014-12-14,3
2014-12-15,3
2014-12-24,3
2014-12-28,3
2014-12-29,3
2015-01-11,3
2015-01-12,3
2015-01-15,3
2015-01-27,3
2015-01-31,3
2015-02-04,3
2015-02-10,3
2015-02-11,3
2015-02-12,3
2015-02-13,3
2015-02-16,3
2015-02-17,3
2015-02-18,3
2015-02-21,3
2015-02-23,3
2015-02-26,3
2015-03-04,3
2015-03-05,3
2015-03-14,3
2015-03-15,3
2015-03-18,3
2015-03-21,3
2015-03-22,3
2015-03-23,3
2015-03-26,3
2015-04-01,3
2015-04-08,3
2015-04-09,3
2015-04-11,3
2015-04-17,3
2015-04-22,3
2015-04-23,3
2015-04-24,3
2015-04-25,3
2015-04-27,3
2015-05-01,3
2015-05-06,3
2015-05-14,3
2015-05-20,3
2015-05-23,3
2015-05-27,3
2015-05-29,3
2015-06-08,3
2015-06-10,3
2015-06-12,3
2015-06-16,3
2015-06-17,3
2015-06-19,3
2015-06-24,3
2015-06-27,4
2015-07-08,4
2015-07-20,4
2015-07-21,4
2015-07-23,4
2015-07-26,4
2015-07-28,4
2015-07-30,4
2015-08-02,4
2015-08-06,4
2015-08-09,4
2015-08-11,4
2015-08-13,4
2015-08-27,4
2015-08-29,4
2015-09-04,4
2015-09-07,4
2015-09-10,4
2015-09-13,3
2015-09-18,3
2015-09-28,3
2015-10-06,3
2015-10-07,3
2015-10-08,3
2015-10-16,3
2015-10-17,3
2015-10-19,3
2015-10-20,3
2015-10-26,3
2015-10-29,3
2015-10-30,3
2015-11-02,3
2015-11-06,3
2015-11-11,3
2015-11-12,3
2015-11-13,3
2015-11-14,3
2015-11-17,3
2015-11-18,3
2015-11-25,3
2015-11-27,3
2015-11-28,3
2015-12-18,3
2015-12-21,3
2015-12-23,3
2015-12-24,3
2015-12-25,3
2015-12-27,3
2016-01-02,3
2016-01-03,3
2016-01-04,3
2016-01-14,3
2016-01-16,3
2016-01-18,3
2016-01-19,3
2016-01-23,3
2016-01-28,3
2016-01-31,3
2016-02-02,3
2016-02-06,3
2016-02-07,3
2016-02-15,3
2016-02-19,3
2016-02-21,3
2016-02-24,3
2016-02-28,3
2016-03-02,3
2016-03-04,3
2016-03-14,3
2016-03-31,3
2016-04-01,3
2016-04-05,3
2016-04-16,3
2016-04-17,3
2016-04-19,3
2016-05-02,3
2016-05-05,3
2016-05-09,3
2016-05-10,3
2016-05-16,3
2016-05-17,3
2016-05-23,3
2016-05-26,3
2016-06-05,3
2016-06-09,3
2016-06-15,3
2016-06-17,3
2016-06-18,3
2016-06-19,3
2016-06-24,3
2016-06-26,3
2016-06-28,3
2016-07-11,3
2016-07-12,3
2016-07-15,3
2016-07-19,3
2016-07-23,3
2016-07-31,3
2016-08-06,3
2016-08-07,3
2016-08-11,3
2016-08-20,3
2016-08-24,3
2016-08-25,3
2016-08-30,3
2016-09-03,3
2016-09-13,3
2016-09-14,3
2016-09-16,3
2016-09-21,3
2016-09-22,3
2016-09-23,5
2016-09-24,6
2016-09-25,6
2016-09-26,6
2016-09-28,6
2016-09-30,6
2016-10-03,6
2016-10-06,6
2016-10-08,6
2016-10-09,6
2016-10-10,6
2016-10-13,6
2016-10-14,6
2016-10-15,6
2016-10-16,6
2016-10-19,6
2016-10-20,6
2016-10-25,6
2016-10-27,6
2016-11-04,6
2016-11-05,6
2016-11-07,6
2016-11-08,6
2016-11-19,6
2016-11-20,6
2016-11-21,6
2016-11-22,6
2016-11-23,6
2016-11-26,6
2016-12-01,6
2016-12-05,6
2016-12-17,6
2016-12-25,6
2017-01-01,6
2017-01-08,6
2017-01-11,6
2017-01-26,7
2017-02-02,7
2017-02-03,7
2017-02-04,7
2017-02-06,7
2017-02-10,7
2017-02-14,7
2017-02-15,7
2017-02-18,7
2017-02-19,7
2017-02-20,7
2017-02-21,7
2017-02-25,7
2017-03-03,7
2017-03-13,7
2017-03-19,7
2017-03-28,7
2017-04-04,7
2017-04-08,7
2017-04-11,8
2017-04-20,8
2017-04-26,8
2017-04-30,8
2017-05-04,8
2017-05-06,8
2017-05-14,8
2017-05-23,8
2017-05-25,8
2017-05-26,8
2017-06-05,8
2017-06-11,8
2017-06-13,8
2017-06-23,8
2017-07-01,8
2017-07-05,8
2017-07-18,8
2017-07-22,8
2017-07-29,8
2017-07-30,8
2017-08-02,8
2017-08-04,8
2017-08-06,8
2017-08-07,8
2017-08-23,8
2017-09-12,8
2017-09-15,8
2017-09-28,8
2017-09-30,8
2017-10-04,8
2017-10-20,8
2017-10-25,8
2017-10-26,8
2017-11-03,8
2017-11-04,8
2017-11-14,8
2017-11-23,8
2017-11-28,8
2017-12-18,8
2017-12-27,8
2018-01-09,8
2018-01-11,8
2018-01-12,9
2018-01-25,9
2018-02-01,9
2018-02-05,9
2018-02-06,9
2018-02-07,9
2018-02-08,9
2018-02-09,9
2018-02-12,9
2018-02-13,9
2018-02-19,9
2018-02-23,9
2018-02-27,9
2018-03-01,9
2018-03-14,9
2018-03-23,9
2018-03-25,9
2018-03-26,9
2018-03-30,9
2018-03-31,9
2018-04-08,9
2018-04-10,9
2018-04-11,9
2018-04-21,9
2018-05-01,9
2018-05-04,9
2018-05-09,9
2018-05-16,9
2018-05-17,9
2018-05-19,9
2018-05-27,9
2018-06-07,9
2018-06-09,9
2018-06-10,9
2018-06-21,9
2018-07-03,9
2018-07-08,9
2018-07-19,9
2018-07-29,9
2018-07-31,9
2018-08-17,9
2018-08-18,9
2018-08-24,9
2018-08-30,9
2018-09-01,9
2018-09-04,9
2018-09-13,9
2018-09-17,9
2018-09-20,9
2018-09-22,9
2018-09-26,9
2018-10-11,9
2018-10-30,9
2018-10-31,9
2018-11-05,9
2018-11-10,9
2018-11-16,9
2018-11-29,9
2018-12-05,9
2018-12-06,9
2018-12-08,9
2018-12-18,9
2018-12-22,9
2018-12-24,9
2018-12-26,9
2018-12-31,9
2019-01-01,9
2019-01-07,9
2019-01-19,9
2019-01-29,9
2019-02-01,9
2019-02-02,9
2019-02-03,9
2019-02-08,9
2019-02-12,9
2019-02-18,9
2019-02-22,9
2019-02-24,9
2019-02-27,9
2019-03-02,9
2019-03-09,9
2019-03-13,9
2019-03-14,9
2019-03-18,9
2019-03-20,9
2019-03-23,9
2019-03-24,9
2019-03-25,9
2019-04-02,9
2019-04-03,9
2019-04-08,9
2019-04-13,9
2019-04-18,9
2019-04-22,9
2019-05-06,9
2019-05-15,9
2019-05-17,9
2019-05-19,9
2019-05-25,9
2019-06-07,9
2019-06-09,9
2019-06-18,9
2019-06-20,9
2019-06-23,9
2019-06-28,9
2019-07-02,9
2019-07-05,9
2019-07-09,9
2019-07-13,9
2019-07-14,9
2019-07-15,9
2019-07-23,9
2019-07-26,9
2019-08-07,9
2019-08-08,9
2019-08-09,9
2019-08-13,9
2019-08-16,9
2019-08-18,9
2019-08-19,9
2019-08-20,9
2019-08-21,9
2019-08-22,9
2019-08-25,9
2019-08-29,9
2019-08-30,9
2019-09-02,9
2019-09-04,9
2019-09-11,9
2019-09-16,9
2019-09-24,9
2019-10-08,8
2019-10-14,8
2019-12-09,8
2019-12-26,9
2020-01-18,9
2020-03-19,9
2020-03-21,9
2020-03-25,9
2020-06-09,9
2020-07-02,10
2020-07-06,10
2020-07-07,10
2020-07-23,10
2020-08-11,10
2020-08-20,10
2020-08-25,10
2020-08-26,10
2020-08-27,10
2020-09-09,10
2020-09-11,10
2020-09-29,10
2020-12-03,10
2020-12-13,10
2021-02-23,10
2021-03-11,10
2021-03-31,10
2021-08-27,10
2021-09-23,10
2021-10-02,9
2022-01-11,9
2022-01-30,9
2022-03-02,9
2022-03-22,9
2022-04-14,9
2022-08-12,9
2022-08-15,9
2022-08-16,9
2022-08-17,9
2022-08-18,9
2022-08-22,9
2022-08-23,9
2022-08-26,9
2022-08-30,9
2022-09-01,9
2022-09-04,9
2022-09-16,9
2022-10-06,9
2022-11-18,9
2023-02-26,9
2023-02-27,9
2023-02-28,9
2023-03-02,9
2023-03-07,9
2023-03-08,9
2023-03-13,9
2023-03-17,9
2023-03-21,9
2023-03-27,9
2023-04-03,9
2023-04-04,9
2023-04-24,9
2023-05-01,9
2023-05-08,9
2023-05-11,9
2023-08-02,9
2023-08-07,9
2023-08-08,9
2023-08-09,9
2023-08-10,9
2023-08-11,9
2023-08-12,9
2023-08-13,9
2023-08-14,9
2023-08-16,9
2023-08-17,9
2023-08-18,9
2023-08-19,9
2023-08-20,9
2023-08-21,9
2023-08-22,9
2023-08-23,9
2023-08-24,9
2023-08-29,10
2023-09-20,10
2023-09-29,10
2023-10-11,10
2023-10-16,10
2023-10-17,10
2023-10-18,10
2023-10-19,10
2023-10-21,10
2023-10-26,10
2023-10-31,10
2023-11-02,10
2023-11-03,10
2023-11-06,10
2023-11-10,10
2023-11-14,10
2023-11-15,10
2023-11-16,10
2023-11-17,18
2023-11-18,28
2023-11-19,32
2023-11-20,36
2023-11-21,39
2023-11-22,42
2023-11-23,45
2023-11-24,48
2023-11-25,52
2023-11-26,53
2023-11-27,57
2023-11-28,61
2023-11-29,68
2023-11-30,70
2023-12-01,78
2023-12-02,84
2023-12-03,122
2023-12-04,171
2023-12-05,193
2023-12-06,230
2023-12-07,251
2023-12-08,279
2023-12-09,362
2023-12-10,426
2023-12-11,482
2023-12-12,518
2023-12-13,549
2023-12-14,607
2023-12-15,658
2023-12-16,725
2023-12-17,775
2023-12-18,842
2023-12-19,900
2023-12-20,955
2023-12-21,997
2023-12-22,1038
2023-12-23,1081
2023-12-24,1121
2023-12-25,1153
2023-12-26,1166
2023-12-27,1183
2023-12-28,1199
2023-12-29,1206
2023-12-30,1222
2023-12-31,1239
2024-01-01,1250
2024-01-02,1264
2024-01-03,1278
2024-01-04,1298
2024-01-05,1312
2024-01-06,1317
2024-01-07,1326
2024-01-08,1343
2024-01-09,1365
2024-01-10,1382
2024-01-11,1395
2024-01-12,1411
2024-01-13,1427
2024-01-14,1437
2024-01-15,1446
2024-01-16,1458
2024-01-17,1466
2024-01-18,1477
2024-01-19,1495
2024-01-20,1506
2024-01-21,1522
2024-01-22,1530
2024-01-23,1539
2024-01-24,1556
2024-01-25,1566
2024-01-26,1577
2024-01-27,1591
2024-01-28,1610
2024-01-29,1619
2024-01-30,1639
2024-01-31,1655
2024-02-01,1664
2024-02-02,1672
2024-02-03,1684
2024-02-04,1697
2024-02-05,1712
2024-02-06,1726
2024-02-07,1734
2024-02-08,1742
2024-02-09,1758
2024-02-10,1768
2024-02-11,1781
2024-02-12,1791
2024-02-13,1810
2024-02-14,1822
2024-02-15,1833
2024-02-16,1854
2024-02-17,1871
2024-02-18,1881
2024-02-19,1892
2024-02-20,1899
2024-02-21,1915
2024-02-22,1923
2024-02-23,1934
2024-02-24,1947
2024-02-25,1949
2024-02-26,1959
2024-02-27,1965
2024-02-28,1969
2024-02-29,1979
2024-03-01,1986
2024-03-02,1989
2024-03-03,2006
2024-03-04,2045
2024-03-05,2064
2024-03-06,2075
2024-03-07,2080
2024-03-08,2088
2024-03-09,2105
2024-03-10,2112
2024-03-11,2123
2024-03-12,2134
2024-03-13,2156
2024-03-14,2163
2024-03-15,2172
2024-03-16,2185
2024-03-17,2193
2024-03-18,2197
2024-03-19,2208
2024-03-20,2215
2024-03-21,2229
2024-03-22,2240
2024-03-23,2248
2024-03-24,2254
2024-03-25,2266
2024-03-26,2275
2024-03-27,2279
2024-03-28,2289
2024-03-29,2298
2024-03-30,2310
2024-03-31,2317
2024-04-01,2320
2024-04-02,2330
2024-04-03,2332
2024-04-04,2340
2024-04-05,2344
2024-04-06,2354
2024-04-07,2363
2024-04-08,2395
2024-04-09,2462
2024-04-10,2484
2024-04-11,2491
2024-04-12,2504
2024-04-13,2520
2024-04-14,2531
2024-04-15,2540
2024-04-16,2545
2024-04-17,2558
2024-04-18,2565
2024-04-19,2576
2024-04-20,2584
2024-04-21,2591
2024-04-22,2601
2024-04-23,2608
2024-04-24,2620
2024-04-25,2626
2024-04-26,2629
2024-04-27,2638
2024-04-28,2652
2024-04-29,2662
2024-04-30,2677
2024-05-01,2688
2024-05-02,2699
2024-05-03,2704
2024-05-04,2720
2024-05-05,2733
2024-05-06,2741
2024-05-07,2752
2024-05-08,2767
2024-05-09,2777
2024-05-10,2792
2024-05-11,2797
2024-05-12,2812
2024-05-13,2826
2024-05-14,2843
2024-05-15,2850
2024-05-16,2881
2024-05-17,2906
2024-05-18,2922
2024-05-19,2938
2024-05-20,2963
2024-05-21,2984
2024-05-22,3003
2024-05-23,3023
2024-05-24,3039
2024-05-25,3059
2024-05-26,3092
2024-05-27,3149
2024-05-28,3252
2024-05-29,3308
2024-05-30,3364
2024-05-31,3445
2024-06-01,3496
2024-06-02,3542
2024-06-03,3583
2024-06-04,3611
2024-06-05,3689
2024-06-06,3804
2024-06-07,3900
2024-06-08,3955
2024-06-09,4052
2024-06-10,4122
2024-06-11,4193
2024-06-12,4271
2024-06-13,4387
2024-06-14,4436
2024-06-15,4474
2024-06-16,4545
2024-06-17,4597
2024-06-18,4634
2024-06-19,4667
2024-06-20,4839
2024-06-21,4987
2024-06-22,5041
2024-06-23,5095
2024-06-24,5141
2024-06-25,5183
2024-06-26,5234
2024-06-27,5288
2024-06-28,5327
2024-06-29,5358
2024-06-30,5389
2024-07-01,5419
2024-07-02,5462
2024-07-03,5554
2024-07-04,5624
2024-07-05,5674
2024-07-06,5712
2024-07-07,5770
2024-07-08,5868
2024-07-09,5939
2024-07-10,5993
2024-07-11,6030
2024-07-12,6068
2024-07-13,6113
2024-07-14,6161
2024-07-15,6194
2024-07-16,6241
2024-07-17,6280
2024-07-18,6332
2024-07-19,6363
2024-07-20,6416
2024-07-21,6449
2024-07-22,6488
2024-07-23,6521
2024-07-24,6562
2024-07-25,6594
2024-07-26,6630
2024-07-27,6683
2024-07-28,6715
2024-07-29,6750
2024-07-30,6790
2024-07-31,6825
2024-08-01,6890
2024-08-02,6949
2024-08-03,7011
2024-08-04,7069
2024-08-05,7114
2024-08-06,7154
2024-08-07,7191
2024-08-08,7262
2024-08-09,7340
2024-08-10,7402
2024-08-11,7462
2024-08-12,7513
2024-08-13,7550
2024-08-14,7584
2024-08-15,7632
2024-08-16,7700
2024-08-17,7751
2024-08-18,7797
2024-08-19,7841
2024-08-20,7876
2024-08-21,7906
2024-08-22,7944
2024-08-23,8005
2024-08-24,8061
2024-08-25,8109
2024-08-26,8172
2024-08-27,8211
2024-08-28,8293
2024-08-29,8372
2024-08-30,8412
2024-08-31,8450
2024-09-01,8493
2024-09-02,8528
2024-09-03,8590
2024-09-04,8636
2024-09-05,8693
2024-09-06,8734
2024-09-07,8781
2024-09-08,8827
2024-09-09,8864
2024-09-10,8885
2024-09-11,8948
2024-09-12,8979
2024-09-13,9041
2024-09-14,9074
2024-09-15,9138
2024-09-16,9194
2024-09-17,9229
2024-09-18,9274
2024-09-19,9347
2024-09-20,9416
2024-09-21,9448
2024-09-22,9495
2024-09-23,9534
2024-09-24,9587
2024-09-25,9639
2024-09-26,9686
2024-09-27,9774
2024-09-28,9835
2024-09-29,9872
2024-09-30,9923
2024-10-01,9958
2024-10-02,9992
2024-10-03,10019
2024-10-04,10053
2024-10-05,10081
2024-10-06,10119
2024-10-07,10155
2024-10-08,10183
2024-10-09,10220
2024-10-10,10269
2024-10-11,10341
2024-10-12,10431
2024-10-13,10462
2024-10-14,10491
2024-10-15,10539
2024-10-16,10626
2024-10-17,10684
2024-10-18,10721
2024-10-19,10764
2024-10-20,10809
2024-10-21,10854
2024-10-22,10887
2024-10-23,10927
2024-10-24,11026
2024-10-25,11071
2024-10-26,11123
2024-10-27,11160
2024-10-28,11205
2024-10-29,11247
2024-10-30,11279
2024-10-31,11302
2024-11-01,11336
2024-11-02,11365
2024-11-03,11395
2024-11-04,11430
2024-11-05,11445
2024-11-06,11470
2024-11-07,11492
2024-11-08,11527
2024-11-09,11570
2024-11-10,11607
2024-11-11,11640
2024-11-12,11667
2024-11-13,11688
2024-11-14,11717
2024-11-15,11738
2024-11-16,11755
2024-11-17,11783
2024-11-18,11800
2024-11-19,11831
2024-11-20,11866
2024-11-21,11881
2024-11-22,11909
2024-11-23,11944
2024-11-24,11979
2024-11-25,11997
2024-11-26,12024
2024-11-27,12051
2024-11-28,12071
2024-11-29,12088
2024-11-30,12105
2024-12-01,12127
2024-12-02,12150
2024-12-03,12164
2024-12-04,12185
2024-12-05,12212
2024-12-06,12254
2024-12-07,12283
2024-12-08,12312
2024-12-09,12350
2024-12-10,12378
2024-12-11,12403
2024-12-12,12428
2024-12-13,12569
2024-12-14,12622
2024-12-15,12643
2024-12-16,12683
2024-12-17,12701
2024-12-18,12731
2024-12-19,12751
2024-12-20,12777
2024-12-21,12802
2024-12-22,12831
2024-12-23,12863
2024-12-24,12881
2024-12-25,12897
2024-12-26,12914
2024-12-27,12933
2024-12-28,12954
2024-12-29,12976
2024-12-30,13003
2024-12-31,13018
2025-01-01,13050
2025-01-02,13069
2025-01-03,13088
2025-01-04,13100
2025-01-05,13122
2025-01-06,13150
2025-01-07,13167
2025-01-08,13195
2025-01-09,13220
2025-01-10,13247
2025-01-11,13302
2025-01-12,13344
2025-01-13,13373
2025-01-14,13404
2025-01-15,13426
2025-01-16,13458
2025-01-17,13474
2025-01-18,13495
2025-01-19,13521
2025-01-20,13551
2025-01-21,13569
2025-01-22,13591
2025-01-23,13612
2025-01-24,13628
2025-01-25,13656
2025-01-26,13678
2025-01-27,13698
2025-01-28,13714
2025-01-29,13735
2025-01-30,13754
2025-01-31,13778
2025-02-01,13802
2025-02-02,13820
2025-02-03,13829
2025-02-04,13856
2025-02-05,13882
2025-02-06,13906
2025-02-07,13936
2025-02-08,13954
2025-02-09,13975
2025-02-10,14008
2025-02-11,14046
2025-02-12,14084
2025-02-13,14107
2025-02-14,14130
2025-02-15,14149
2025-02-16,14179
2025-02-17,14201
2025-02-18,14232
2025-02-19,14260
2025-02-20,14280
2025-02-21,14294
2025-02-22,14317
2025-02-23,14347
2025-02-24,14363
2025-02-25,14389
2025-02-26,14413
2025-02-27,14442
2025-02-28,14460
2025-03-01,14476
2025-03-02,14496
2025-03-03,14522
2025-03-04,14551
2025-03-05,14570
2025-03-06,14591
2025-03-07,14622
2025-03-08,14670
2025-03-09,14707
2025-03-10,14740
2025-03-11,14771
2025-03-12,14799
2025-03-13,14820
2025-03-14,14838
2025-03-15,14856
2025-03-16,14880
2025-03-17,14905
2025-03-18,14920
2025-03-19,14937
2025-03-20,14955
2025-03-21,14967
2025-03-22,14985
2025-03-23,15004
2025-03-24,15009
2025-03-25,15030
2025-03-26,15044
2025-03-27,15060
2025-03-28,15072
2025-03-29,15081
2025-03-30,15096
2025-03-31,15110
2025-04-01,15129
2025-04-02,15146
2025-04-03,15160
2025-04-04,15176
2025-04-05,15196
2025-04-06,15200
2025-04-07,15214
2025-04-08,15227
2025-04-09,15244
2025-04-10,15249
2025-04-11,15258
2025-04-12,15263
2025-04-13,15277
2025-04-14,15293
2025-04-15,15305
2025-04-16,15317
2025-04-17,15327
2025-04-18,15337
2025-04-19,15352
2025-04-20,15364
2025-04-21,15376
2025-04-22,15396
2025-04-23,15406
2025-04-24,15413
2025-04-25,15428
2025-04-26,15439
2025-04-27,15449
2025-04-28,15458
2025-04-29,15470
2025-04-30,15477
2025-05-01,15485
2025-05-02,15487
2025-05-03,15497
2025-05-04,15515
2025-05-05,15532
2025-05-06,15539
2025-05-07,15549
2025-05-08,15554
2025-05-09,15563
2025-05-10,15566
2025-05-11,15580
2025-05-12,15588
2025-05-13,15603
2025-05-14,15609
2025-05-15,15617
2025-05-16,15627
2025-05-17,15646
2025-05-18,15660
2025-05-19,15694
2025-05-20,15700
2025-05-21,15726
2025-05-22,15742
2025-05-23,15748
2025-05-24,15756
2025-05-25,15770
2025-05-26,15782
2025-05-27,15796
2025-05-28,15814
2025-05-29,15833
2025-05-30,15842
2025-05-31,15849
2025-06-01,15854
2025-06-02,15879
2025-06-03,15904
2025-06-04,15925
2025-06-05,15935
2025-06-06,15947
2025-06-07,15956
2025-06-08,15965
2025-06-09,15976
2025-06-10,15983
2025-06-11,16000
2025-06-12,16015
2025-06-13,16023
2025-06-14,16032
2025-06-15,16043
2025-06-16,16055
2025-06-17,16060
2025-06-18,16068
2025-06-19,16082
2025-06-20,16091
2025-06-21,16095
2025-06-22,16109
2025-06-23,16115
2025-06-24,16130
2025-06-25,16140
2025-06-26,16153
2025-06-27,16159
2025-06-28,16169
2025-06-29,16178
2025-06-30,16185
2025-07-01,16194
2025-07-02,16207
2025-07-03,16212
2025-07-04,16222
2025-07-05,16228
2025-07-06,16240
2025-07-07,16303
2025-07-08,16374
2025-07-09,16402
2025-07-10,16421
2025-07-11,16444
2025-07-12,16459
2025-07-13,16487
2025-07-14,16523
2025-07-15,16542
2025-07-16,16557
2025-07-17,16592
2025-07-18,16610
2025-07-19,16628
2025-07-20,16635
2025-07-21,16666
2025-07-22,16684
2025-07-23,16705
2025-07-24,16728
2025-07-25,16735
2025-07-26,16750
2025-07-27,16768
2025-07-28,16789
2025-07-29,16800
2025-07-30,16814
2025-07-31,16830
2025-08-01,16839
2025-08-02,16846
2025-08-03,16869
2025-08-04,16884
2025-08-05,16903
2025-08-06,16918
2025-08-07,16927
2025-08-08,16931
2025-08-09,16937
2025-08-10,16941
2025-08-11,16954
2025-08-12,17027
2025-08-13,17031
2025-08-14,17043
2025-08-15,17087
2025-08-16,17099
2025-08-17,17122
2025-08-18,17138
2025-08-19,17157
2025-08-20,17172
2025-08-21,17180
2025-08-22,17188
2025-08-23,17194
2025-08-24,17208
2025-08-25,17216
2025-08-26,17224
2025-08-27,17233
2025-08-28,17250
2025-08-29,17266
2025-08-30,17286
2025-08-31,17301
2025-09-01,17304
2025-09-02,17311
2025-09-03,17320
2025-09-04,17328
2025-09-05,17334
