Date,Stayed to watch (%)
2011-04-04,0
2011-04-05,0
2011-04-06,0
2011-04-07,0
2011-04-08,0
2011-04-09,0
2011-04-10,0
2011-04-11,0
2011-04-12,0
2011-04-13,0
2011-04-14,0
2011-04-15,0
2011-04-16,0
2011-04-17,0
2011-04-18,0
2011-04-19,0
2011-04-20,0
2011-04-21,0
2011-04-22,0
2011-04-23,0
2011-04-24,0
2011-04-25,0
2011-04-26,0
2011-04-27,0
2011-04-28,0
2011-04-29,0
2011-04-30,0
2011-05-01,0
2011-05-02,0
2011-05-03,0
2011-05-04,0
2011-05-05,0
2011-05-06,0
2011-05-07,0
2011-05-08,0
2011-05-09,0
2011-05-10,0
2011-05-11,0
2011-05-12,0
2011-05-13,0
2011-05-14,0
2011-05-15,0
2011-05-16,0
2011-05-17,0
2011-05-18,0
2011-05-19,0
2011-05-20,0
2011-05-21,0
2011-05-22,0
2011-05-23,0
2011-05-24,0
2011-05-25,0
2011-05-26,0
2011-05-27,0
2011-05-28,0
2011-05-29,0
2011-05-30,0
2011-05-31,0
2011-06-01,0
2011-06-02,0
2011-06-03,0
2011-06-04,0
2011-06-05,0
2011-06-06,0
2011-06-07,0
2011-06-08,0
2011-06-09,0
2011-06-10,0
2011-06-11,0
2011-06-12,0
2011-06-13,0
2011-06-14,0
2011-06-15,0
2011-06-16,0
2011-06-17,0
2011-06-18,0
2011-06-19,0
2011-06-20,0
2011-06-21,0
2011-06-22,0
2011-06-23,0
2011-06-24,0
2011-06-25,0
2011-06-26,0
2011-06-27,0
2011-06-28,0
2011-06-29,0
2011-06-30,0
2011-07-01,0
2011-07-02,0
2011-07-03,0
2011-07-04,0
2011-07-05,0
2011-07-06,0
2011-07-07,0
2011-07-08,0
2011-07-09,0
2011-07-10,0
2011-07-11,0
2011-07-12,0
2011-07-13,0
2011-07-14,0
2011-07-15,0
2011-07-16,0
2011-07-17,0
2011-07-18,0
2011-07-19,0
2011-07-20,0
2011-07-21,0
2011-07-22,0
2011-07-23,0
2011-07-24,0
2011-07-25,0
2011-07-26,0
2011-07-27,0
2011-07-28,0
2011-07-29,0
2011-07-30,0
2011-07-31,0
2011-08-01,0
2011-08-02,0
2011-08-03,0
2011-08-04,0
2011-08-05,0
2011-08-06,0
2011-08-07,0
2011-08-08,0
2011-08-09,0
2011-08-10,0
2011-08-11,0
2011-08-12,0
2011-08-13,0
2011-08-14,0
2011-08-15,0
2011-08-16,0
2011-08-17,0
2011-08-18,0
2011-08-19,0
2011-08-20,0
2011-08-21,0
2011-08-22,0
2011-08-23,0
2011-08-24,0
2011-08-25,0
2011-08-26,0
2011-08-27,0
2011-08-28,0
2011-08-29,0
2011-08-30,0
2011-08-31,0
2011-09-01,0
2011-09-02,0
2011-09-03,0
2011-09-04,0
2011-09-05,0
2011-09-06,0
2011-09-07,0
2011-09-08,0
2011-09-09,0
2011-09-10,0
2011-09-11,0
2011-09-12,0
2011-09-13,0
2011-09-14,0
2011-09-15,0
2011-09-16,0
2011-09-17,0
2011-09-18,0
2011-09-19,0
2011-09-20,0
2011-09-21,0
2011-09-22,0
2011-09-23,0
2011-09-24,0
2011-09-25,0
2011-09-26,0
2011-09-27,0
2011-09-28,0
2011-09-29,0
2011-09-30,0
2011-10-01,0
2011-10-02,0
2011-10-03,0
2011-10-04,0
2011-10-05,0
2011-10-06,0
2011-10-07,0
2011-10-08,0
2011-10-09,0
2011-10-10,0
2011-10-11,0
2011-10-12,0
2011-10-13,0
2011-10-14,0
2011-10-15,0
2011-10-16,0
2011-10-17,0
2011-10-18,0
2011-10-19,0
2011-10-20,0
2011-10-21,0
2011-10-22,0
2011-10-23,0
2011-10-24,0
2011-10-25,0
2011-10-26,0
2011-10-27,0
2011-10-28,0
2011-10-29,0
2011-10-30,0
2011-10-31,0
2011-11-01,0
2011-11-02,0
2011-11-03,0
2011-11-04,0
2011-11-05,0
2011-11-06,0
2011-11-07,0
2011-11-08,0
2011-11-09,0
2011-11-10,0
2011-11-11,0
2011-11-12,0
2011-11-13,0
2011-11-14,0
2011-11-15,0
2011-11-16,0
2011-11-17,0
2011-11-18,0
2011-11-19,0
2011-11-20,0
2011-11-21,0
2011-11-22,0
2011-11-23,0
2011-11-24,0
2011-11-25,0
2011-11-26,0
2011-11-27,0
2011-11-28,0
2011-11-29,0
2011-11-30,0
2011-12-01,0
2011-12-02,0
2011-12-03,0
2011-12-04,0
2011-12-05,0
2011-12-06,0
2011-12-07,0
2011-12-08,0
2011-12-09,0
2011-12-10,0
2011-12-11,0
2011-12-12,0
2011-12-13,0
2011-12-14,0
2011-12-15,0
2011-12-16,0
2011-12-17,0
2011-12-18,0
2011-12-19,0
2011-12-20,0
2011-12-21,0
2011-12-22,0
2011-12-23,0
2011-12-24,0
2011-12-25,0
2011-12-26,0
2011-12-27,0
2011-12-28,0
2011-12-29,0
2011-12-30,0
2011-12-31,0
2012-01-01,0
2012-01-02,0
2012-01-03,0
2012-01-04,0
2012-01-05,0
2012-01-06,0
2012-01-07,0
2012-01-08,0
2012-01-09,0
2012-01-10,0
2012-01-11,0
2012-01-12,0
2012-01-13,0
2012-01-14,0
2012-01-15,0
2012-01-16,0
2012-01-17,0
2012-01-18,0
2012-01-19,0
2012-01-20,0
2012-01-21,0
2012-01-22,0
2012-01-23,0
2012-01-24,0
2012-01-25,0
2012-01-26,0
2012-01-27,0
2012-01-28,0
2012-01-29,0
2012-01-30,0
2012-01-31,0
2012-02-01,0
2012-02-02,0
2012-02-03,0
2012-02-04,0
2012-02-05,0
2012-02-06,0
2012-02-07,0
2012-02-08,0
2012-02-09,0
2012-02-10,0
2012-02-11,0
2012-02-12,0
2012-02-13,0
2012-02-14,0
2012-02-15,0
2012-02-16,0
2012-02-17,0
2012-02-18,0
2012-02-19,0
2012-02-20,0
2012-02-21,0
2012-02-22,0
2012-02-23,0
2012-02-24,0
2012-02-25,0
2012-02-26,0
2012-02-27,0
2012-02-28,0
2012-02-29,0
2012-03-01,0
2012-03-02,0
2012-03-03,0
2012-03-04,0
2012-03-05,0
2012-03-06,0
2012-03-07,0
2012-03-08,0
2012-03-09,0
2012-03-10,0
2012-03-11,0
2012-03-12,0
2012-03-13,0
2012-03-14,0
2012-03-15,0
2012-03-16,0
2012-03-17,0
2012-03-18,0
2012-03-19,0
2012-03-20,0
2012-03-21,0
2012-03-22,0
2012-03-23,0
2012-03-24,0
2012-03-25,0
2012-03-26,0
2012-03-27,0
2012-03-28,0
2012-03-29,0
2012-03-30,0
2012-03-31,0
2012-04-01,0
2012-04-02,0
2012-04-03,0
2012-04-04,0
2012-04-05,0
2012-04-06,0
2012-04-07,0
2012-04-08,0
2012-04-09,0
2012-04-10,0
2012-04-11,0
2012-04-12,0
2012-04-13,0
2012-04-14,0
2012-04-15,0
2012-04-16,
2012-04-17,
2012-04-18,
2012-04-19,
2012-04-20,
2012-04-21,
2012-04-22,
2012-04-23,0
2012-04-24,
2012-04-25,
2012-04-26,
2012-04-27,
2012-04-28,
2012-04-29,
2012-04-30,
2012-05-01,0
2012-05-02,
2012-05-03,0
2012-05-04,0
2012-05-05,
2012-05-06,0
2012-05-07,0
2012-05-08,0
2012-05-09,0
2012-05-10,0
2012-05-11,0
2012-05-12,0
2012-05-13,0
2012-05-14,0
2012-05-15,
2012-05-16,0
2012-05-17,0
2012-05-18,0
2012-05-19,0
2012-05-20,0
2012-05-21,0
2012-05-22,0
2012-05-23,0
2012-05-24,0
2012-05-25,0
2012-05-26,0
2012-05-27,0
2012-05-28,
2012-05-29,0
2012-05-30,0
2012-05-31,0
2012-06-01,0
2012-06-02,0
2012-06-03,0
2012-06-04,0
2012-06-05,0
2012-06-06,0
2012-06-07,0
2012-06-08,0
2012-06-09,
2012-06-10,0
2012-06-11,0
2012-06-12,0
2012-06-13,0
2012-06-14,0
2012-06-15,0
2012-06-16,
2012-06-17,0
2012-06-18,0
2012-06-19,0
2012-06-20,0
2012-06-21,0
2012-06-22,0
2012-06-23,0
2012-06-24,0
2012-06-25,
2012-06-26,0
2012-06-27,
2012-06-28,0
2012-06-29,
2012-06-30,0
2012-07-01,
2012-07-02,
2012-07-03,0
2012-07-04,0
2012-07-05,0
2012-07-06,0
2012-07-07,0
2012-07-08,0
2012-07-09,0
2012-07-10,0
2012-07-11,0
2012-07-12,0
2012-07-13,
2012-07-14,0
2012-07-15,
2012-07-16,
2012-07-17,0
2012-07-18,0
2012-07-19,0
2012-07-20,0
2012-07-21,
2012-07-22,0
2012-07-23,0
2012-07-24,
2012-07-25,0
2012-07-26,
2012-07-27,0
2012-07-28,0
2012-07-29,
2012-07-30,0
2012-07-31,0
2012-08-01,0
2012-08-02,0
2012-08-03,0
2012-08-04,0
2012-08-05,0
2012-08-06,
2012-08-07,
2012-08-08,
2012-08-09,0
2012-08-10,0
2012-08-11,0
2012-08-12,0
2012-08-13,
2012-08-14,0
2012-08-15,0
2012-08-16,0
2012-08-17,0
2012-08-18,0
2012-08-19,0
2012-08-20,0
2012-08-21,0
2012-08-22,0
2012-08-23,0
2012-08-24,0
2012-08-25,0
2012-08-26,
2012-08-27,0
2012-08-28,
2012-08-29,
2012-08-30,
2012-08-31,
2012-09-01,0
2012-09-02,0
2012-09-03,
2012-09-04,0
2012-09-05,
2012-09-06,0
2012-09-07,0
2012-09-08,
2012-09-09,0
2012-09-10,
2012-09-11,0
2012-09-12,0
2012-09-13,
2012-09-14,
2012-09-15,0
2012-09-16,0
2012-09-17,0
2012-09-18,
2012-09-19,
2012-09-20,0
2012-09-21,0
2012-09-22,0
2012-09-23,0
2012-09-24,0
2012-09-25,0
2012-09-26,0
2012-09-27,0
2012-09-28,0
2012-09-29,0
2012-09-30,0
2012-10-01,0
2012-10-02,
2012-10-03,0
2012-10-04,0
2012-10-05,0
2012-10-06,
2012-10-07,0
2012-10-08,0
2012-10-09,0
2012-10-10,
2012-10-11,0
2012-10-12,0
2012-10-13,0
2012-10-14,
2012-10-15,
2012-10-16,
2012-10-17,
2012-10-18,
2012-10-19,0
2012-10-20,0
2012-10-21,0
2012-10-22,0
2012-10-23,0
2012-10-24,0
2012-10-25,
2012-10-26,
2012-10-27,0
2012-10-28,0
2012-10-29,0
2012-10-30,0
2012-10-31,0
2012-11-01,0
2012-11-02,
2012-11-03,
2012-11-04,
2012-11-05,0
2012-11-06,0
2012-11-07,0
2012-11-08,0
2012-11-09,0
2012-11-10,0
2012-11-11,0
2012-11-12,0
2012-11-13,0
2012-11-14,0
2012-11-15,0
2012-11-16,0
2012-11-17,0
2012-11-18,0
2012-11-19,0
2012-11-20,
2012-11-21,0
2012-11-22,
2012-11-23,0
2012-11-24,
2012-11-25,0
2012-11-26,0
2012-11-27,0
2012-11-28,0
2012-11-29,0
2012-11-30,0
2012-12-01,0
2012-12-02,0
2012-12-03,0
2012-12-04,0
2012-12-05,
2012-12-06,
2012-12-07,0
2012-12-08,0
2012-12-09,
2012-12-10,0
2012-12-11,0
2012-12-12,0
2012-12-13,0
2012-12-14,0
2012-12-15,
2012-12-16,0
2012-12-17,0
2012-12-18,0
2012-12-19,
2012-12-20,
2012-12-21,
2012-12-22,
2012-12-23,0
2012-12-24,
2012-12-25,0
2012-12-26,0
2012-12-27,0
2012-12-28,0
2012-12-29,0
2012-12-30,0
2012-12-31,
2013-01-01,
2013-01-02,
2013-01-03,0
2013-01-04,
2013-01-05,0
2013-01-06,0
2013-01-07,
2013-01-08,0
2013-01-09,0
2013-01-10,
2013-01-11,0
2013-01-12,0
2013-01-13,0
2013-01-14,0
2013-01-15,0
2013-01-16,
2013-01-17,0
2013-01-18,0
2013-01-19,0
2013-01-20,0
2013-01-21,0
2013-01-22,0
2013-01-23,0
2013-01-24,
2013-01-25,0
2013-01-26,0
2013-01-27,0
2013-01-28,0
2013-01-29,0
2013-01-30,
2013-01-31,0
2013-02-01,0
2013-02-02,0
2013-02-03,0
2013-02-04,0
2013-02-05,
2013-02-06,0
2013-02-07,0
2013-02-08,0
2013-02-09,0
2013-02-10,0
2013-02-11,0
2013-02-12,0
2013-02-13,0
2013-02-14,0
2013-02-15,0
2013-02-16,0
2013-02-17,0
2013-02-18,
2013-02-19,0
2013-02-20,
2013-02-21,0
2013-02-22,
2013-02-23,0
2013-02-24,0
2013-02-25,0
2013-02-26,0
2013-02-27,0
2013-02-28,0
2013-03-01,0
2013-03-02,0
2013-03-03,0
2013-03-04,0
2013-03-05,0
2013-03-06,0
2013-03-07,0
2013-03-08,0
2013-03-09,0
2013-03-10,0
2013-03-11,
2013-03-12,0
2013-03-13,0
2013-03-14,0
2013-03-15,0
2013-03-16,0
2013-03-17,0
2013-03-18,0
2013-03-19,0
2013-03-20,0
2013-03-21,0
2013-03-22,0
2013-03-23,0
2013-03-24,
2013-03-25,0
2013-03-26,0
2013-03-27,0
2013-03-28,0
2013-03-29,0
2013-03-30,0
2013-03-31,
2013-04-01,0
2013-04-02,0
2013-04-03,0
2013-04-04,0
2013-04-05,0
2013-04-06,0
2013-04-07,0
2013-04-08,0
2013-04-09,0
2013-04-10,0
2013-04-11,
2013-04-12,0
2013-04-13,0
2013-04-14,0
2013-04-15,0
2013-04-16,0
2013-04-17,0
2013-04-18,0
2013-04-19,0
2013-04-20,0
2013-04-21,0
2013-04-22,0
2013-04-23,0
2013-04-24,0
2013-04-25,0
2013-04-26,0
2013-04-27,0
2013-04-28,0
2013-04-29,0
2013-04-30,0
2013-05-01,0
2013-05-02,0
2013-05-03,0
2013-05-04,0
2013-05-05,0
2013-05-06,0
2013-05-07,0
2013-05-08,
2013-05-09,
2013-05-10,
2013-05-11,0
2013-05-12,
2013-05-13,0
2013-05-14,0
2013-05-15,0
2013-05-16,0
2013-05-17,0
2013-05-18,0
2013-05-19,0
2013-05-20,
2013-05-21,0
2013-05-22,0
2013-05-23,0
2013-05-24,0
2013-05-25,0
2013-05-26,0
2013-05-27,
2013-05-28,0
2013-05-29,0
2013-05-30,0
2013-05-31,0
2013-06-01,0
2013-06-02,0
2013-06-03,0
2013-06-04,0
2013-06-05,0
2013-06-06,0
2013-06-07,0
2013-06-08,0
2013-06-09,0
2013-06-10,0
2013-06-11,0
2013-06-12,0
2013-06-13,0
2013-06-14,0
2013-06-15,0
2013-06-16,0
2013-06-17,0
2013-06-18,0
2013-06-19,0
2013-06-20,
2013-06-21,0
2013-06-22,0
2013-06-23,0
2013-06-24,0
2013-06-25,0
2013-06-26,
2013-06-27,0
2013-06-28,0
2013-06-29,
2013-06-30,0
2013-07-01,0
2013-07-02,0
2013-07-03,0
2013-07-04,0
2013-07-05,0
2013-07-06,0
2013-07-07,0
2013-07-08,0
2013-07-09,0
2013-07-10,0
2013-07-11,0
2013-07-12,
2013-07-13,0
2013-07-14,0
2013-07-15,
2013-07-16,0
2013-07-17,0
2013-07-18,0
2013-07-19,0
2013-07-20,0
2013-07-21,0
2013-07-22,0
2013-07-23,0
2013-07-24,0
2013-07-25,
2013-07-26,0
2013-07-27,
2013-07-28,
2013-07-29,0
2013-07-30,0
2013-07-31,0
2013-08-01,0
2013-08-02,0
2013-08-03,0
2013-08-04,0
2013-08-05,0
2013-08-06,0
2013-08-07,0
2013-08-08,
2013-08-09,0
2013-08-10,0
2013-08-11,0
2013-08-12,0
2013-08-13,0
2013-08-14,0
2013-08-15,0
2013-08-16,0
2013-08-17,0
2013-08-18,0
2013-08-19,0
2013-08-20,0
2013-08-21,0
2013-08-22,0
2013-08-23,0
2013-08-24,0
2013-08-25,0
2013-08-26,
2013-08-27,0
2013-08-28,
2013-08-29,
2013-08-30,0
2013-08-31,0
2013-09-01,0
2013-09-02,
2013-09-03,
2013-09-04,0
2013-09-05,0
2013-09-06,0
2013-09-07,0
2013-09-08,0
2013-09-09,0
2013-09-10,
2013-09-11,0
2013-09-12,0
2013-09-13,0
2013-09-14,0
2013-09-15,0
2013-09-16,0
2013-09-17,
2013-09-18,0
2013-09-19,0
2013-09-20,0
2013-09-21,0
2013-09-22,0
2013-09-23,0
2013-09-24,0
2013-09-25,0
2013-09-26,
2013-09-27,
2013-09-28,
2013-09-29,0
2013-09-30,0
2013-10-01,0
2013-10-02,0
2013-10-03,0
2013-10-04,0
2013-10-05,0
2013-10-06,0
2013-10-07,
2013-10-08,0
2013-10-09,
2013-10-10,0
2013-10-11,0
2013-10-12,
2013-10-13,0
2013-10-14,0
2013-10-15,
2013-10-16,0
2013-10-17,0
2013-10-18,0
2013-10-19,0
2013-10-20,0
2013-10-21,0
2013-10-22,0
2013-10-23,0
2013-10-24,0
2013-10-25,0
2013-10-26,0
2013-10-27,
2013-10-28,
2013-10-29,0
2013-10-30,0
2013-10-31,0
2013-11-01,0
2013-11-02,0
2013-11-03,0
2013-11-04,0
2013-11-05,0
2013-11-06,0
2013-11-07,
2013-11-08,0
2013-11-09,0
2013-11-10,0
2013-11-11,0
2013-11-12,0
2013-11-13,0
2013-11-14,0
2013-11-15,
2013-11-16,0
2013-11-17,0
2013-11-18,
2013-11-19,0
2013-11-20,0
2013-11-21,0
2013-11-22,0
2013-11-23,0
2013-11-24,
2013-11-25,0
2013-11-26,0
2013-11-27,0
2013-11-28,0
2013-11-29,0
2013-11-30,0
2013-12-01,0
2013-12-02,0
2013-12-03,0
2013-12-04,
2013-12-05,0
2013-12-06,
2013-12-07,0
2013-12-08,0
2013-12-09,0
2013-12-10,0
2013-12-11,0
2013-12-12,
2013-12-13,0
2013-12-14,0
2013-12-15,0
2013-12-16,0
2013-12-17,0
2013-12-18,0
2013-12-19,0
2013-12-20,0
2013-12-21,0
2013-12-22,0
2013-12-23,
2013-12-24,0
2013-12-25,0
2013-12-26,
2013-12-27,0
2013-12-28,0
2013-12-29,0
2013-12-30,0
2013-12-31,
2014-01-01,0
2014-01-02,0
2014-01-03,0
2014-01-04,0
2014-01-05,
2014-01-06,0
2014-01-07,0
2014-01-08,0
2014-01-09,0
2014-01-10,0
2014-01-11,0
2014-01-12,0
2014-01-13,
2014-01-14,0
2014-01-15,0
2014-01-16,0
2014-01-17,0
2014-01-18,0
2014-01-19,0
2014-01-20,0
2014-01-21,0
2014-01-22,0
2014-01-23,
2014-01-24,0
2014-01-25,0
2014-01-26,
2014-01-27,
2014-01-28,0
2014-01-29,0
2014-01-30,0
2014-01-31,0
2014-02-01,0
2014-02-02,0
2014-02-03,0
2014-02-04,
2014-02-05,0
2014-02-06,0
2014-02-07,0
2014-02-08,0
2014-02-09,0
2014-02-10,0
2014-02-11,0
2014-02-12,0
2014-02-13,
2014-02-14,0
2014-02-15,
2014-02-16,0
2014-02-17,0
2014-02-18,0
2014-02-19,0
2014-02-20,0
2014-02-21,0
2014-02-22,0
2014-02-23,0
2014-02-24,0
2014-02-25,0
2014-02-26,
2014-02-27,
2014-02-28,
2014-03-01,
2014-03-02,
2014-03-03,
2014-03-04,
2014-03-05,
2014-03-06,0
2014-03-07,0
2014-03-08,
2014-03-09,0
2014-03-10,0
2014-03-11,0
2014-03-12,0
2014-03-13,
2014-03-14,0
2014-03-15,0
2014-03-16,0
2014-03-17,
2014-03-18,0
2014-03-19,
2014-03-20,
2014-03-21,0
2014-03-22,
2014-03-23,0
2014-03-24,0
2014-03-25,
2014-03-26,0
2014-03-27,
2014-03-28,0
2014-03-29,0
2014-03-30,0
2014-03-31,0
2014-04-01,0
2014-04-02,0
2014-04-03,
2014-04-04,0
2014-04-05,0
2014-04-06,
2014-04-07,0
2014-04-08,0
2014-04-09,0
2014-04-10,0
2014-04-11,0
2014-04-12,0
2014-04-13,0
2014-04-14,
2014-04-15,0
2014-04-16,0
2014-04-17,0
2014-04-18,
2014-04-19,0
2014-04-20,0
2014-04-21,0
2014-04-22,0
2014-04-23,0
2014-04-24,0
2014-04-25,0
2014-04-26,0
2014-04-27,
2014-04-28,0
2014-04-29,0
2014-04-30,0
2014-05-01,
2014-05-02,0
2014-05-03,0
2014-05-04,0
2014-05-05,0
2014-05-06,0
2014-05-07,0
2014-05-08,0
2014-05-09,0
2014-05-10,0
2014-05-11,
2014-05-12,0
2014-05-13,0
2014-05-14,
2014-05-15,0
2014-05-16,
2014-05-17,
2014-05-18,0
2014-05-19,0
2014-05-20,0
2014-05-21,0
2014-05-22,0
2014-05-23,
2014-05-24,
2014-05-25,
2014-05-26,0
2014-05-27,
2014-05-28,0
2014-05-29,
2014-05-30,
2014-05-31,0
2014-06-01,0
2014-06-02,0
2014-06-03,0
2014-06-04,0
2014-06-05,
2014-06-06,0
2014-06-07,0
2014-06-08,0
2014-06-09,0
2014-06-10,0
2014-06-11,
2014-06-12,
2014-06-13,0
2014-06-14,
2014-06-15,0
2014-06-16,0
2014-06-17,0
2014-06-18,
2014-06-19,0
2014-06-20,0
2014-06-21,0
2014-06-22,0
2014-06-23,0
2014-06-24,0
2014-06-25,0
2014-06-26,0
2014-06-27,
2014-06-28,0
2014-06-29,0
2014-06-30,0
2014-07-01,0
2014-07-02,0
2014-07-03,0
2014-07-04,0
2014-07-05,
2014-07-06,0
2014-07-07,
2014-07-08,0
2014-07-09,
2014-07-10,0
2014-07-11,0
2014-07-12,0
2014-07-13,0
2014-07-14,
2014-07-15,0
2014-07-16,0
2014-07-17,0
2014-07-18,0
2014-07-19,0
2014-07-20,
2014-07-21,0
2014-07-22,
2014-07-23,
2014-07-24,0
2014-07-25,
2014-07-26,0
2014-07-27,0
2014-07-28,0
2014-07-29,0
2014-07-30,0
2014-07-31,0
2014-08-01,0
2014-08-02,0
2014-08-03,0
2014-08-04,
2014-08-05,0
2014-08-06,0
2014-08-07,
2014-08-08,0
2014-08-09,
2014-08-10,0
2014-08-11,0
2014-08-12,0
2014-08-13,0
2014-08-14,0
2014-08-15,0
2014-08-16,0
2014-08-17,0
2014-08-18,0
2014-08-19,0
2014-08-20,0
2014-08-21,
2014-08-22,0
2014-08-23,0
2014-08-24,
2014-08-25,0
2014-08-26,0
2014-08-27,0
2014-08-28,
2014-08-29,0
2014-08-30,0
2014-08-31,0
2014-09-01,
2014-09-02,
2014-09-03,0
2014-09-04,
2014-09-05,0
2014-09-06,0
2014-09-07,
2014-09-08,0
2014-09-09,0
2014-09-10,0
2014-09-11,
2014-09-12,0
2014-09-13,0
2014-09-14,
2014-09-15,
2014-09-16,
2014-09-17,0
2014-09-18,
2014-09-19,
2014-09-20,
2014-09-21,0
2014-09-22,
2014-09-23,0
2014-09-24,
2014-09-25,0
2014-09-26,
2014-09-27,
2014-09-28,
2014-09-29,0
2014-09-30,
2014-10-01,
2014-10-02,0
2014-10-03,
2014-10-04,0
2014-10-05,0
2014-10-06,
2014-10-07,0
2014-10-08,
2014-10-09,
2014-10-10,
2014-10-11,0
2014-10-12,
2014-10-13,0
2014-10-14,
2014-10-15,0
2014-10-16,0
2014-10-17,0
2014-10-18,
2014-10-19,0
2014-10-20,
2014-10-21,
2014-10-22,
2014-10-23,
2014-10-24,0
2014-10-25,0
2014-10-26,0
2014-10-27,
2014-10-28,0
2014-10-29,0
2014-10-30,0
2014-10-31,0
2014-11-01,0
2014-11-02,
2014-11-03,0
2014-11-04,0
2014-11-05,
2014-11-06,0
2014-11-07,0
2014-11-08,0
2014-11-09,0
2014-11-10,
2014-11-11,0
2014-11-12,
2014-11-13,0
2014-11-14,0
2014-11-15,0
2014-11-16,0
2014-11-17,0
2014-11-18,0
2014-11-19,0
2014-11-20,
2014-11-21,0
2014-11-22,0
2014-11-23,0
2014-11-24,0
2014-11-25,0
2014-11-26,0
2014-11-27,0
2014-11-28,
2014-11-29,0
2014-11-30,0
2014-12-01,
2014-12-02,
2014-12-03,0
2014-12-04,
2014-12-05,0
2014-12-06,0
2014-12-07,
2014-12-08,
2014-12-09,0
2014-12-10,
2014-12-11,0
2014-12-12,0
2014-12-13,0
2014-12-14,
2014-12-15,
2014-12-16,0
2014-12-17,0
2014-12-18,0
2014-12-19,0
2014-12-20,0
2014-12-21,0
2014-12-22,0
2014-12-23,0
2014-12-24,
2014-12-25,0
2014-12-26,0
2014-12-27,0
2014-12-28,
2014-12-29,
2014-12-30,0
2014-12-31,0
2015-01-01,0
2015-01-02,0
2015-01-03,0
2015-01-04,0
2015-01-05,0
2015-01-06,0
2015-01-07,0
2015-01-08,0
2015-01-09,0
2015-01-10,0
2015-01-11,
2015-01-12,
2015-01-13,0
2015-01-14,0
2015-01-15,
2015-01-16,0
2015-01-17,0
2015-01-18,0
2015-01-19,0
2015-01-20,0
2015-01-21,0
2015-01-22,0
2015-01-23,0
2015-01-24,0
2015-01-25,0
2015-01-26,0
2015-01-27,
2015-01-28,0
2015-01-29,0
2015-01-30,0
2015-01-31,
2015-02-01,0
2015-02-02,0
2015-02-03,0
2015-02-04,
2015-02-05,0
2015-02-06,0
2015-02-07,0
2015-02-08,0
2015-02-09,0
2015-02-10,
2015-02-11,
2015-02-12,
2015-02-13,
2015-02-14,0
2015-02-15,0
2015-02-16,
2015-02-17,
2015-02-18,
2015-02-19,0
2015-02-20,0
2015-02-21,
2015-02-22,0
2015-02-23,
2015-02-24,0
2015-02-25,0
2015-02-26,
2015-02-27,0
2015-02-28,0
2015-03-01,0
2015-03-02,0
2015-03-03,0
2015-03-04,
2015-03-05,
2015-03-06,0
2015-03-07,0
2015-03-08,0
2015-03-09,0
2015-03-10,0
2015-03-11,0
2015-03-12,0
2015-03-13,0
2015-03-14,
2015-03-15,
2015-03-16,0
2015-03-17,0
2015-03-18,
2015-03-19,0
2015-03-20,0
2015-03-21,
2015-03-22,
2015-03-23,
2015-03-24,0
2015-03-25,0
2015-03-26,
2015-03-27,0
2015-03-28,0
2015-03-29,0
2015-03-30,0
2015-03-31,0
2015-04-01,
2015-04-02,0
2015-04-03,0
2015-04-04,0
2015-04-05,0
2015-04-06,0
2015-04-07,0
2015-04-08,
2015-04-09,
2015-04-10,0
2015-04-11,
2015-04-12,0
2015-04-13,0
2015-04-14,0
2015-04-15,0
2015-04-16,0
2015-04-17,
2015-04-18,0
2015-04-19,0
2015-04-20,0
2015-04-21,0
2015-04-22,
2015-04-23,
2015-04-24,
2015-04-25,
2015-04-26,0
2015-04-27,
2015-04-28,0
2015-04-29,0
2015-04-30,0
2015-05-01,
2015-05-02,0
2015-05-03,0
2015-05-04,0
2015-05-05,0
2015-05-06,
2015-05-07,0
2015-05-08,0
2015-05-09,0
2015-05-10,0
2015-05-11,0
2015-05-12,0
2015-05-13,0
2015-05-14,
2015-05-15,0
2015-05-16,0
2015-05-17,0
2015-05-18,0
2015-05-19,0
2015-05-20,
2015-05-21,0
2015-05-22,0
2015-05-23,
2015-05-24,0
2015-05-25,0
2015-05-26,0
2015-05-27,
2015-05-28,0
2015-05-29,
2015-05-30,0
2015-05-31,0
2015-06-01,0
2015-06-02,0
2015-06-03,0
2015-06-04,0
2015-06-05,0
2015-06-06,0
2015-06-07,0
2015-06-08,
2015-06-09,0
2015-06-10,
2015-06-11,0
2015-06-12,
2015-06-13,0
2015-06-14,0
2015-06-15,0
2015-06-16,
2015-06-17,
2015-06-18,0
2015-06-19,
2015-06-20,0
2015-06-21,0
2015-06-22,0
2015-06-23,0
2015-06-24,
2015-06-25,0
2015-06-26,0
2015-06-27,
2015-06-28,0
2015-06-29,0
2015-06-30,0
2015-07-01,0
2015-07-02,0
2015-07-03,0
2015-07-04,0
2015-07-05,0
2015-07-06,0
2015-07-07,0
2015-07-08,
2015-07-09,0
2015-07-10,0
2015-07-11,0
2015-07-12,0
2015-07-13,0
2015-07-14,0
2015-07-15,0
2015-07-16,0
2015-07-17,0
2015-07-18,0
2015-07-19,0
2015-07-20,
2015-07-21,
2015-07-22,0
2015-07-23,
2015-07-24,0
2015-07-25,0
2015-07-26,
2015-07-27,0
2015-07-28,
2015-07-29,0
2015-07-30,
2015-07-31,0
2015-08-01,0
2015-08-02,
2015-08-03,0
2015-08-04,0
2015-08-05,0
2015-08-06,
2015-08-07,0
2015-08-08,0
2015-08-09,
2015-08-10,0
2015-08-11,
2015-08-12,0
2015-08-13,
2015-08-14,0
2015-08-15,0
2015-08-16,0
2015-08-17,0
2015-08-18,0
2015-08-19,0
2015-08-20,0
2015-08-21,0
2015-08-22,0
2015-08-23,0
2015-08-24,0
2015-08-25,0
2015-08-26,0
2015-08-27,
2015-08-28,0
2015-08-29,
2015-08-30,0
2015-08-31,0
2015-09-01,0
2015-09-02,0
2015-09-03,0
2015-09-04,
2015-09-05,0
2015-09-06,0
2015-09-07,
2015-09-08,0
2015-09-09,0
2015-09-10,
2015-09-11,0
2015-09-12,0
2015-09-13,
2015-09-14,0
2015-09-15,0
2015-09-16,0
2015-09-17,0
2015-09-18,
2015-09-19,0
2015-09-20,0
2015-09-21,0
2015-09-22,0
2015-09-23,0
2015-09-24,0
2015-09-25,0
2015-09-26,0
2015-09-27,0
2015-09-28,
2015-09-29,0
2015-09-30,0
2015-10-01,0
2015-10-02,0
2015-10-03,0
2015-10-04,0
2015-10-05,0
2015-10-06,
2015-10-07,
2015-10-08,
2015-10-09,0
2015-10-10,0
2015-10-11,0
2015-10-12,0
2015-10-13,0
2015-10-14,0
2015-10-15,0
2015-10-16,
2015-10-17,
2015-10-18,0
2015-10-19,
2015-10-20,
2015-10-21,0
2015-10-22,0
2015-10-23,0
2015-10-24,0
2015-10-25,0
2015-10-26,
2015-10-27,0
2015-10-28,0
2015-10-29,
2015-10-30,
2015-10-31,0
2015-11-01,0
2015-11-02,
2015-11-03,0
2015-11-04,0
2015-11-05,0
2015-11-06,
2015-11-07,0
2015-11-08,0
2015-11-09,0
2015-11-10,0
2015-11-11,
2015-11-12,
2015-11-13,
2015-11-14,
2015-11-15,0
2015-11-16,0
2015-11-17,
2015-11-18,
2015-11-19,0
2015-11-20,0
2015-11-21,0
2015-11-22,0
2015-11-23,0
2015-11-24,0
2015-11-25,
2015-11-26,0
2015-11-27,
2015-11-28,
2015-11-29,0
2015-11-30,0
2015-12-01,0
2015-12-02,0
2015-12-03,0
2015-12-04,0
2015-12-05,0
2015-12-06,0
2015-12-07,0
2015-12-08,0
2015-12-09,0
2015-12-10,0
2015-12-11,0
2015-12-12,0
2015-12-13,0
2015-12-14,0
2015-12-15,0
2015-12-16,0
2015-12-17,0
2015-12-18,
2015-12-19,0
2015-12-20,0
2015-12-21,
2015-12-22,0
2015-12-23,
2015-12-24,
2015-12-25,
2015-12-26,0
2015-12-27,
2015-12-28,0
2015-12-29,0
2015-12-30,0
2015-12-31,0
2016-01-01,0
2016-01-02,
2016-01-03,
2016-01-04,
2016-01-05,0
2016-01-06,0
2016-01-07,0
2016-01-08,0
2016-01-09,0
2016-01-10,0
2016-01-11,0
2016-01-12,0
2016-01-13,0
2016-01-14,
2016-01-15,0
2016-01-16,
2016-01-17,0
2016-01-18,
2016-01-19,
2016-01-20,0
2016-01-21,0
2016-01-22,0
2016-01-23,
2016-01-24,0
2016-01-25,0
2016-01-26,0
2016-01-27,0
2016-01-28,
2016-01-29,0
2016-01-30,0
2016-01-31,
2016-02-01,0
2016-02-02,
2016-02-03,0
2016-02-04,0
2016-02-05,0
2016-02-06,
2016-02-07,
2016-02-08,0
2016-02-09,0
2016-02-10,0
2016-02-11,0
2016-02-12,0
2016-02-13,0
2016-02-14,0
2016-02-15,
2016-02-16,0
2016-02-17,0
2016-02-18,0
2016-02-19,
2016-02-20,0
2016-02-21,
2016-02-22,0
2016-02-23,0
2016-02-24,
2016-02-25,0
2016-02-26,0
2016-02-27,0
2016-02-28,
2016-02-29,0
2016-03-01,0
2016-03-02,
2016-03-03,0
2016-03-04,
2016-03-05,0
2016-03-06,0
2016-03-07,0
2016-03-08,0
2016-03-09,0
2016-03-10,0
2016-03-11,0
2016-03-12,0
2016-03-13,0
2016-03-14,
2016-03-15,0
2016-03-16,0
2016-03-17,0
2016-03-18,0
2016-03-19,0
2016-03-20,0
2016-03-21,0
2016-03-22,0
2016-03-23,0
2016-03-24,0
2016-03-25,0
2016-03-26,0
2016-03-27,0
2016-03-28,0
2016-03-29,0
2016-03-30,0
2016-03-31,
2016-04-01,
2016-04-02,0
2016-04-03,0
2016-04-04,0
2016-04-05,
2016-04-06,0
2016-04-07,0
2016-04-08,0
2016-04-09,0
2016-04-10,0
2016-04-11,0
2016-04-12,0
2016-04-13,0
2016-04-14,0
2016-04-15,0
2016-04-16,
2016-04-17,
2016-04-18,0
2016-04-19,
2016-04-20,0
2016-04-21,0
2016-04-22,0
2016-04-23,0
2016-04-24,0
2016-04-25,0
2016-04-26,0
2016-04-27,0
2016-04-28,0
2016-04-29,0
2016-04-30,0
2016-05-01,0
2016-05-02,
2016-05-03,0
2016-05-04,0
2016-05-05,
2016-05-06,0
2016-05-07,0
2016-05-08,0
2016-05-09,
2016-05-10,
2016-05-11,0
2016-05-12,0
2016-05-13,0
2016-05-14,0
2016-05-15,0
2016-05-16,
2016-05-17,
2016-05-18,0
2016-05-19,0
2016-05-20,0
2016-05-21,0
2016-05-22,0
2016-05-23,
2016-05-24,0
2016-05-25,0
2016-05-26,
2016-05-27,0
2016-05-28,0
2016-05-29,0
2016-05-30,0
2016-05-31,0
2016-06-01,0
2016-06-02,0
2016-06-03,0
2016-06-04,0
2016-06-05,
2016-06-06,0
2016-06-07,0
2016-06-08,0
2016-06-09,
2016-06-10,0
2016-06-11,0
2016-06-12,0
2016-06-13,0
2016-06-14,0
2016-06-15,
2016-06-16,0
2016-06-17,
2016-06-18,
2016-06-19,
2016-06-20,0
2016-06-21,0
2016-06-22,0
2016-06-23,0
2016-06-24,
2016-06-25,0
2016-06-26,
2016-06-27,0
2016-06-28,
2016-06-29,0
2016-06-30,0
2016-07-01,0
2016-07-02,0
2016-07-03,0
2016-07-04,0
2016-07-05,0
2016-07-06,0
2016-07-07,0
2016-07-08,0
2016-07-09,0
2016-07-10,0
2016-07-11,
2016-07-12,
2016-07-13,0
2016-07-14,0
2016-07-15,
2016-07-16,0
2016-07-17,0
2016-07-18,0
2016-07-19,
2016-07-20,0
2016-07-21,0
2016-07-22,0
2016-07-23,
2016-07-24,0
2016-07-25,0
2016-07-26,0
2016-07-27,0
2016-07-28,0
2016-07-29,0
2016-07-30,0
2016-07-31,
2016-08-01,0
2016-08-02,0
2016-08-03,0
2016-08-04,0
2016-08-05,0
2016-08-06,
2016-08-07,
2016-08-08,0
2016-08-09,0
2016-08-10,0
2016-08-11,
2016-08-12,0
2016-08-13,0
2016-08-14,0
2016-08-15,0
2016-08-16,0
2016-08-17,0
2016-08-18,0
2016-08-19,0
2016-08-20,
2016-08-21,0
2016-08-22,0
2016-08-23,0
2016-08-24,
2016-08-25,
2016-08-26,0
2016-08-27,0
2016-08-28,0
2016-08-29,0
2016-08-30,
2016-08-31,0
2016-09-01,0
2016-09-02,0
2016-09-03,
2016-09-04,0
2016-09-05,0
2016-09-06,0
2016-09-07,0
2016-09-08,0
2016-09-09,0
2016-09-10,0
2016-09-11,0
2016-09-12,0
2016-09-13,
2016-09-14,
2016-09-15,0
2016-09-16,
2016-09-17,0
2016-09-18,0
2016-09-19,0
2016-09-20,0
2016-09-21,
2016-09-22,
2016-09-23,
2016-09-24,
2016-09-25,
2016-09-26,
2016-09-27,0
2016-09-28,
2016-09-29,0
2016-09-30,
2016-10-01,0
2016-10-02,0
2016-10-03,
2016-10-04,0
2016-10-05,0
2016-10-06,
2016-10-07,0
2016-10-08,
2016-10-09,
2016-10-10,
2016-10-11,0
2016-10-12,0
2016-10-13,
2016-10-14,
2016-10-15,
2016-10-16,
2016-10-17,0
2016-10-18,0
2016-10-19,
2016-10-20,
2016-10-21,0
2016-10-22,0
2016-10-23,0
2016-10-24,0
2016-10-25,
2016-10-26,0
2016-10-27,
2016-10-28,0
2016-10-29,0
2016-10-30,0
2016-10-31,0
2016-11-01,0
2016-11-02,0
2016-11-03,0
2016-11-04,
2016-11-05,
2016-11-06,0
2016-11-07,
2016-11-08,
2016-11-09,0
2016-11-10,0
2016-11-11,0
2016-11-12,0
2016-11-13,0
2016-11-14,0
2016-11-15,0
2016-11-16,0
2016-11-17,0
2016-11-18,0
2016-11-19,
2016-11-20,
2016-11-21,
2016-11-22,
2016-11-23,
2016-11-24,0
2016-11-25,0
2016-11-26,
2016-11-27,0
2016-11-28,0
2016-11-29,0
2016-11-30,0
2016-12-01,
2016-12-02,0
2016-12-03,0
2016-12-04,0
2016-12-05,
2016-12-06,0
2016-12-07,0
2016-12-08,0
2016-12-09,0
2016-12-10,0
2016-12-11,0
2016-12-12,0
2016-12-13,0
2016-12-14,0
2016-12-15,0
2016-12-16,0
2016-12-17,
2016-12-18,0
2016-12-19,0
2016-12-20,0
2016-12-21,0
2016-12-22,0
2016-12-23,0
2016-12-24,0
2016-12-25,
2016-12-26,0
2016-12-27,0
2016-12-28,0
2016-12-29,0
2016-12-30,0
2016-12-31,0
2017-01-01,
2017-01-02,0
2017-01-03,0
2017-01-04,0
2017-01-05,0
2017-01-06,0
2017-01-07,0
2017-01-08,
2017-01-09,0
2017-01-10,0
2017-01-11,
2017-01-12,0
2017-01-13,0
2017-01-14,0
2017-01-15,0
2017-01-16,0
2017-01-17,0
2017-01-18,0
2017-01-19,0
2017-01-20,0
2017-01-21,0
2017-01-22,0
2017-01-23,0
2017-01-24,0
2017-01-25,0
2017-01-26,
2017-01-27,0
2017-01-28,0
2017-01-29,0
2017-01-30,0
2017-01-31,0
2017-02-01,0
2017-02-02,
2017-02-03,
2017-02-04,
2017-02-05,0
2017-02-06,
2017-02-07,0
2017-02-08,0
2017-02-09,0
2017-02-10,
2017-02-11,0
2017-02-12,0
2017-02-13,0
2017-02-14,
2017-02-15,
2017-02-16,0
2017-02-17,0
2017-02-18,
2017-02-19,
2017-02-20,
2017-02-21,
2017-02-22,0
2017-02-23,0
2017-02-24,0
2017-02-25,
2017-02-26,0
2017-02-27,0
2017-02-28,0
2017-03-01,0
2017-03-02,0
2017-03-03,
2017-03-04,0
2017-03-05,0
2017-03-06,0
2017-03-07,0
2017-03-08,0
2017-03-09,0
2017-03-10,0
2017-03-11,0
2017-03-12,0
2017-03-13,
2017-03-14,0
2017-03-15,0
2017-03-16,0
2017-03-17,0
2017-03-18,0
2017-03-19,
2017-03-20,0
2017-03-21,0
2017-03-22,0
2017-03-23,0
2017-03-24,0
2017-03-25,0
2017-03-26,0
2017-03-27,0
2017-03-28,
2017-03-29,0
2017-03-30,0
2017-03-31,0
2017-04-01,0
2017-04-02,0
2017-04-03,0
2017-04-04,
2017-04-05,0
2017-04-06,0
2017-04-07,0
2017-04-08,
2017-04-09,0
2017-04-10,0
2017-04-11,
2017-04-12,0
2017-04-13,0
2017-04-14,0
2017-04-15,0
2017-04-16,0
2017-04-17,0
2017-04-18,0
2017-04-19,0
2017-04-20,
2017-04-21,0
2017-04-22,0
2017-04-23,0
2017-04-24,0
2017-04-25,0
2017-04-26,
2017-04-27,0
2017-04-28,0
2017-04-29,0
2017-04-30,
2017-05-01,0
2017-05-02,0
2017-05-03,0
2017-05-04,
2017-05-05,0
2017-05-06,
2017-05-07,0
2017-05-08,0
2017-05-09,0
2017-05-10,0
2017-05-11,0
2017-05-12,0
2017-05-13,0
2017-05-14,
2017-05-15,0
2017-05-16,0
2017-05-17,0
2017-05-18,0
2017-05-19,0
2017-05-20,0
2017-05-21,0
2017-05-22,0
2017-05-23,
2017-05-24,0
2017-05-25,
2017-05-26,
2017-05-27,0
2017-05-28,0
2017-05-29,0
2017-05-30,0
2017-05-31,0
2017-06-01,0
2017-06-02,0
2017-06-03,0
2017-06-04,0
2017-06-05,
2017-06-06,0
2017-06-07,0
2017-06-08,0
2017-06-09,0
2017-06-10,0
2017-06-11,
2017-06-12,0
2017-06-13,
2017-06-14,0
2017-06-15,0
2017-06-16,0
2017-06-17,0
2017-06-18,0
2017-06-19,0
2017-06-20,0
2017-06-21,0
2017-06-22,0
2017-06-23,
2017-06-24,0
2017-06-25,0
2017-06-26,0
2017-06-27,0
2017-06-28,0
2017-06-29,0
2017-06-30,0
2017-07-01,
2017-07-02,0
2017-07-03,0
2017-07-04,0
2017-07-05,
2017-07-06,0
2017-07-07,0
2017-07-08,0
2017-07-09,0
2017-07-10,0
2017-07-11,0
2017-07-12,0
2017-07-13,0
2017-07-14,0
2017-07-15,0
2017-07-16,0
2017-07-17,0
2017-07-18,
2017-07-19,0
2017-07-20,0
2017-07-21,0
2017-07-22,
2017-07-23,0
2017-07-24,0
2017-07-25,0
2017-07-26,0
2017-07-27,0
2017-07-28,0
2017-07-29,
2017-07-30,
2017-07-31,0
2017-08-01,0
2017-08-02,
2017-08-03,0
2017-08-04,
2017-08-05,0
2017-08-06,
2017-08-07,
2017-08-08,0
2017-08-09,0
2017-08-10,0
2017-08-11,0
2017-08-12,0
2017-08-13,0
2017-08-14,0
2017-08-15,0
2017-08-16,0
2017-08-17,0
2017-08-18,0
2017-08-19,0
2017-08-20,0
2017-08-21,0
2017-08-22,0
2017-08-23,
2017-08-24,0
2017-08-25,0
2017-08-26,0
2017-08-27,0
2017-08-28,0
2017-08-29,0
2017-08-30,0
2017-08-31,0
2017-09-01,0
2017-09-02,0
2017-09-03,0
2017-09-04,0
2017-09-05,0
2017-09-06,0
2017-09-07,0
2017-09-08,0
2017-09-09,0
2017-09-10,0
2017-09-11,0
2017-09-12,
2017-09-13,0
2017-09-14,0
2017-09-15,
2017-09-16,0
2017-09-17,0
2017-09-18,0
2017-09-19,0
2017-09-20,0
2017-09-21,0
2017-09-22,0
2017-09-23,0
2017-09-24,0
2017-09-25,0
2017-09-26,0
2017-09-27,0
2017-09-28,
2017-09-29,0
2017-09-30,
2017-10-01,0
2017-10-02,0
2017-10-03,0
2017-10-04,
2017-10-05,0
2017-10-06,0
2017-10-07,0
2017-10-08,0
2017-10-09,0
2017-10-10,0
2017-10-11,0
2017-10-12,0
2017-10-13,0
2017-10-14,0
2017-10-15,0
2017-10-16,0
2017-10-17,0
2017-10-18,0
2017-10-19,0
2017-10-20,
2017-10-21,0
2017-10-22,0
2017-10-23,0
2017-10-24,0
2017-10-25,
2017-10-26,
2017-10-27,0
2017-10-28,0
2017-10-29,0
2017-10-30,0
2017-10-31,0
2017-11-01,0
2017-11-02,0
2017-11-03,
2017-11-04,
2017-11-05,0
2017-11-06,0
2017-11-07,0
2017-11-08,0
2017-11-09,0
2017-11-10,0
2017-11-11,0
2017-11-12,0
2017-11-13,0
2017-11-14,
2017-11-15,0
2017-11-16,0
2017-11-17,0
2017-11-18,0
2017-11-19,0
2017-11-20,0
2017-11-21,0
2017-11-22,0
2017-11-23,
2017-11-24,0
2017-11-25,0
2017-11-26,0
2017-11-27,0
2017-11-28,
2017-11-29,0
2017-11-30,0
2017-12-01,0
2017-12-02,0
2017-12-03,0
2017-12-04,0
2017-12-05,0
2017-12-06,0
2017-12-07,0
2017-12-08,0
2017-12-09,0
2017-12-10,0
2017-12-11,0
2017-12-12,0
2017-12-13,0
2017-12-14,0
2017-12-15,0
2017-12-16,0
2017-12-17,0
2017-12-18,
2017-12-19,0
2017-12-20,0
2017-12-21,0
2017-12-22,0
2017-12-23,0
2017-12-24,0
2017-12-25,0
2017-12-26,0
2017-12-27,
2017-12-28,0
2017-12-29,0
2017-12-30,0
2017-12-31,0
2018-01-01,0
2018-01-02,0
2018-01-03,0
2018-01-04,0
2018-01-05,0
2018-01-06,0
2018-01-07,0
2018-01-08,0
2018-01-09,
2018-01-10,0
2018-01-11,
2018-01-12,
2018-01-13,0
2018-01-14,0
2018-01-15,0
2018-01-16,0
2018-01-17,0
2018-01-18,0
2018-01-19,0
2018-01-20,0
2018-01-21,0
2018-01-22,0
2018-01-23,0
2018-01-24,0
2018-01-25,
2018-01-26,0
2018-01-27,0
2018-01-28,0
2018-01-29,0
2018-01-30,0
2018-01-31,0
2018-02-01,
2018-02-02,0
2018-02-03,0
2018-02-04,0
2018-02-05,
2018-02-06,
2018-02-07,
2018-02-08,
2018-02-09,
2018-02-10,0
2018-02-11,0
2018-02-12,
2018-02-13,
2018-02-14,0
2018-02-15,0
2018-02-16,0
2018-02-17,0
2018-02-18,0
2018-02-19,
2018-02-20,0
2018-02-21,0
2018-02-22,0
2018-02-23,
2018-02-24,0
2018-02-25,0
2018-02-26,0
2018-02-27,
2018-02-28,0
2018-03-01,
2018-03-02,0
2018-03-03,0
2018-03-04,0
2018-03-05,0
2018-03-06,0
2018-03-07,0
2018-03-08,0
2018-03-09,0
2018-03-10,0
2018-03-11,0
2018-03-12,0
2018-03-13,0
2018-03-14,
2018-03-15,0
2018-03-16,0
2018-03-17,0
2018-03-18,0
2018-03-19,0
2018-03-20,0
2018-03-21,0
2018-03-22,0
2018-03-23,
2018-03-24,0
2018-03-25,
2018-03-26,
2018-03-27,0
2018-03-28,0
2018-03-29,0
2018-03-30,
2018-03-31,
2018-04-01,0
2018-04-02,0
2018-04-03,0
2018-04-04,0
2018-04-05,0
2018-04-06,0
2018-04-07,0
2018-04-08,
2018-04-09,0
2018-04-10,
2018-04-11,
2018-04-12,0
2018-04-13,0
2018-04-14,0
2018-04-15,0
2018-04-16,0
2018-04-17,0
2018-04-18,0
2018-04-19,0
2018-04-20,0
2018-04-21,
2018-04-22,0
2018-04-23,0
2018-04-24,0
2018-04-25,0
2018-04-26,0
2018-04-27,0
2018-04-28,0
2018-04-29,0
2018-04-30,0
2018-05-01,
2018-05-02,0
2018-05-03,0
2018-05-04,
2018-05-05,0
2018-05-06,0
2018-05-07,0
2018-05-08,0
2018-05-09,
2018-05-10,0
2018-05-11,0
2018-05-12,0
2018-05-13,0
2018-05-14,0
2018-05-15,0
2018-05-16,
2018-05-17,
2018-05-18,0
2018-05-19,
2018-05-20,0
2018-05-21,0
2018-05-22,0
2018-05-23,0
2018-05-24,0
2018-05-25,0
2018-05-26,0
2018-05-27,
2018-05-28,0
2018-05-29,0
2018-05-30,0
2018-05-31,0
2018-06-01,0
2018-06-02,0
2018-06-03,0
2018-06-04,0
2018-06-05,0
2018-06-06,0
2018-06-07,
2018-06-08,0
2018-06-09,
2018-06-10,
2018-06-11,0
2018-06-12,0
2018-06-13,0
2018-06-14,0
2018-06-15,0
2018-06-16,0
2018-06-17,0
2018-06-18,0
2018-06-19,0
2018-06-20,0
2018-06-21,
2018-06-22,0
2018-06-23,0
2018-06-24,0
2018-06-25,0
2018-06-26,0
2018-06-27,0
2018-06-28,0
2018-06-29,0
2018-06-30,0
2018-07-01,0
2018-07-02,0
2018-07-03,
2018-07-04,0
2018-07-05,0
2018-07-06,0
2018-07-07,0
2018-07-08,
2018-07-09,0
2018-07-10,0
2018-07-11,0
2018-07-12,0
2018-07-13,0
2018-07-14,0
2018-07-15,0
2018-07-16,0
2018-07-17,0
2018-07-18,0
2018-07-19,
2018-07-20,0
2018-07-21,0
2018-07-22,0
2018-07-23,0
2018-07-24,0
2018-07-25,0
2018-07-26,0
2018-07-27,0
2018-07-28,0
2018-07-29,
2018-07-30,0
2018-07-31,
2018-08-01,0
2018-08-02,0
2018-08-03,0
2018-08-04,0
2018-08-05,0
2018-08-06,0
2018-08-07,0
2018-08-08,0
2018-08-09,0
2018-08-10,0
2018-08-11,0
2018-08-12,0
2018-08-13,0
2018-08-14,0
2018-08-15,0
2018-08-16,0
2018-08-17,
2018-08-18,
2018-08-19,0
2018-08-20,0
2018-08-21,0
2018-08-22,0
2018-08-23,0
2018-08-24,
2018-08-25,0
2018-08-26,0
2018-08-27,0
2018-08-28,0
2018-08-29,0
2018-08-30,
2018-08-31,0
2018-09-01,
2018-09-02,0
2018-09-03,0
2018-09-04,
2018-09-05,0
2018-09-06,0
2018-09-07,0
2018-09-08,0
2018-09-09,0
2018-09-10,0
2018-09-11,0
2018-09-12,0
2018-09-13,
2018-09-14,0
2018-09-15,0
2018-09-16,0
2018-09-17,
2018-09-18,0
2018-09-19,0
2018-09-20,
2018-09-21,0
2018-09-22,
2018-09-23,0
2018-09-24,0
2018-09-25,0
2018-09-26,
2018-09-27,0
2018-09-28,0
2018-09-29,0
2018-09-30,0
2018-10-01,0
2018-10-02,0
2018-10-03,0
2018-10-04,0
2018-10-05,0
2018-10-06,0
2018-10-07,0
2018-10-08,0
2018-10-09,0
2018-10-10,0
2018-10-11,
2018-10-12,0
2018-10-13,0
2018-10-14,0
2018-10-15,0
2018-10-16,0
2018-10-17,0
2018-10-18,0
2018-10-19,0
2018-10-20,0
2018-10-21,0
2018-10-22,0
2018-10-23,0
2018-10-24,0
2018-10-25,0
2018-10-26,0
2018-10-27,0
2018-10-28,0
2018-10-29,0
2018-10-30,
2018-10-31,
2018-11-01,0
2018-11-02,0
2018-11-03,0
2018-11-04,0
2018-11-05,
2018-11-06,0
2018-11-07,0
2018-11-08,0
2018-11-09,0
2018-11-10,
2018-11-11,0
2018-11-12,0
2018-11-13,0
2018-11-14,0
2018-11-15,0
2018-11-16,
2018-11-17,0
2018-11-18,0
2018-11-19,0
2018-11-20,0
2018-11-21,0
2018-11-22,0
2018-11-23,0
2018-11-24,0
2018-11-25,0
2018-11-26,0
2018-11-27,0
2018-11-28,0
2018-11-29,
2018-11-30,0
2018-12-01,0
2018-12-02,0
2018-12-03,0
2018-12-04,0
2018-12-05,
2018-12-06,
2018-12-07,0
2018-12-08,
2018-12-09,0
2018-12-10,0
2018-12-11,0
2018-12-12,0
2018-12-13,0
2018-12-14,0
2018-12-15,0
2018-12-16,0
2018-12-17,0
2018-12-18,
2018-12-19,0
2018-12-20,0
2018-12-21,0
2018-12-22,
2018-12-23,0
2018-12-24,
2018-12-25,0
2018-12-26,
2018-12-27,0
2018-12-28,0
2018-12-29,0
2018-12-30,0
2018-12-31,
2019-01-01,
2019-01-02,0
2019-01-03,0
2019-01-04,0
2019-01-05,0
2019-01-06,0
2019-01-07,
2019-01-08,0
2019-01-09,0
2019-01-10,0
2019-01-11,0
2019-01-12,0
2019-01-13,0
2019-01-14,0
2019-01-15,0
2019-01-16,0
2019-01-17,0
2019-01-18,0
2019-01-19,
2019-01-20,0
2019-01-21,0
2019-01-22,0
2019-01-23,0
2019-01-24,0
2019-01-25,0
2019-01-26,0
2019-01-27,0
2019-01-28,0
2019-01-29,
2019-01-30,0
2019-01-31,0
2019-02-01,
2019-02-02,
2019-02-03,
2019-02-04,0
2019-02-05,0
2019-02-06,0
2019-02-07,0
2019-02-08,
2019-02-09,0
2019-02-10,0
2019-02-11,0
2019-02-12,
2019-02-13,0
2019-02-14,0
2019-02-15,0
2019-02-16,0
2019-02-17,0
2019-02-18,
2019-02-19,0
2019-02-20,0
2019-02-21,0
2019-02-22,
2019-02-23,0
2019-02-24,
2019-02-25,0
2019-02-26,0
2019-02-27,
2019-02-28,0
2019-03-01,0
2019-03-02,
2019-03-03,0
2019-03-04,0
2019-03-05,0
2019-03-06,0
2019-03-07,0
2019-03-08,0
2019-03-09,
2019-03-10,0
2019-03-11,0
2019-03-12,0
2019-03-13,
2019-03-14,
2019-03-15,0
2019-03-16,0
2019-03-17,0
2019-03-18,
2019-03-19,0
2019-03-20,
2019-03-21,0
2019-03-22,0
2019-03-23,
2019-03-24,
2019-03-25,
2019-03-26,0
2019-03-27,0
2019-03-28,0
2019-03-29,0
2019-03-30,0
2019-03-31,0
2019-04-01,0
2019-04-02,
2019-04-03,
2019-04-04,0
2019-04-05,0
2019-04-06,0
2019-04-07,0
2019-04-08,
2019-04-09,0
2019-04-10,0
2019-04-11,0
2019-04-12,0
2019-04-13,
2019-04-14,0
2019-04-15,0
2019-04-16,0
2019-04-17,0
2019-04-18,
2019-04-19,0
2019-04-20,0
2019-04-21,0
2019-04-22,
2019-04-23,0
2019-04-24,0
2019-04-25,0
2019-04-26,0
2019-04-27,0
2019-04-28,0
2019-04-29,0
2019-04-30,0
2019-05-01,0
2019-05-02,0
2019-05-03,0
2019-05-04,0
2019-05-05,0
2019-05-06,
2019-05-07,0
2019-05-08,0
2019-05-09,0
2019-05-10,0
2019-05-11,0
2019-05-12,0
2019-05-13,0
2019-05-14,0
2019-05-15,
2019-05-16,0
2019-05-17,
2019-05-18,0
2019-05-19,
2019-05-20,0
2019-05-21,0
2019-05-22,0
2019-05-23,0
2019-05-24,0
2019-05-25,
2019-05-26,0
2019-05-27,0
2019-05-28,0
2019-05-29,0
2019-05-30,0
2019-05-31,0
2019-06-01,0
2019-06-02,0
2019-06-03,0
2019-06-04,0
2019-06-05,0
2019-06-06,0
2019-06-07,
2019-06-08,0
2019-06-09,
2019-06-10,0
2019-06-11,0
2019-06-12,0
2019-06-13,0
2019-06-14,0
2019-06-15,0
2019-06-16,0
2019-06-17,0
2019-06-18,
2019-06-19,0
2019-06-20,
2019-06-21,0
2019-06-22,0
2019-06-23,
2019-06-24,0
2019-06-25,0
2019-06-26,0
2019-06-27,0
2019-06-28,
2019-06-29,0
2019-06-30,0
2019-07-01,0
2019-07-02,
2019-07-03,0
2019-07-04,0
2019-07-05,
2019-07-06,0
2019-07-07,0
2019-07-08,0
2019-07-09,
2019-07-10,0
2019-07-11,0
2019-07-12,0
2019-07-13,
2019-07-14,
2019-07-15,
2019-07-16,0
2019-07-17,0
2019-07-18,0
2019-07-19,0
2019-07-20,0
2019-07-21,0
2019-07-22,0
2019-07-23,
2019-07-24,0
2019-07-25,0
2019-07-26,
2019-07-27,0
2019-07-28,0
2019-07-29,0
2019-07-30,0
2019-07-31,0
2019-08-01,0
2019-08-02,0
2019-08-03,0
2019-08-04,0
2019-08-05,0
2019-08-06,0
2019-08-07,
2019-08-08,
2019-08-09,
2019-08-10,0
2019-08-11,0
2019-08-12,0
2019-08-13,
2019-08-14,0
2019-08-15,0
2019-08-16,
2019-08-17,0
2019-08-18,
2019-08-19,
2019-08-20,
2019-08-21,
2019-08-22,
2019-08-23,0
2019-08-24,0
2019-08-25,
2019-08-26,0
2019-08-27,0
2019-08-28,0
2019-08-29,
2019-08-30,
2019-08-31,0
2019-09-01,0
2019-09-02,
2019-09-03,0
2019-09-04,
2019-09-05,0
2019-09-06,0
2019-09-07,0
2019-09-08,0
2019-09-09,0
2019-09-10,0
2019-09-11,
2019-09-12,0
2019-09-13,0
2019-09-14,0
2019-09-15,0
2019-09-16,
2019-09-17,0
2019-09-18,0
2019-09-19,0
2019-09-20,0
2019-09-21,0
2019-09-22,0
2019-09-23,0
2019-09-24,
2019-09-25,0
2019-09-26,0
2019-09-27,0
2019-09-28,0
2019-09-29,0
2019-09-30,0
2019-10-01,0
2019-10-02,0
2019-10-03,0
2019-10-04,0
2019-10-05,0
2019-10-06,0
2019-10-07,0
2019-10-08,
2019-10-09,0
2019-10-10,0
2019-10-11,0
2019-10-12,0
2019-10-13,0
2019-10-14,
2019-10-15,0
2019-10-16,0
2019-10-17,0
2019-10-18,0
2019-10-19,0
2019-10-20,0
2019-10-21,0
2019-10-22,0
2019-10-23,0
2019-10-24,0
2019-10-25,0
2019-10-26,0
2019-10-27,0
2019-10-28,0
2019-10-29,0
2019-10-30,0
2019-10-31,0
2019-11-01,0
2019-11-02,0
2019-11-03,0
2019-11-04,0
2019-11-05,0
2019-11-06,0
2019-11-07,0
2019-11-08,0
2019-11-09,0
2019-11-10,0
2019-11-11,0
2019-11-12,0
2019-11-13,0
2019-11-14,0
2019-11-15,0
2019-11-16,0
2019-11-17,0
2019-11-18,0
2019-11-19,0
2019-11-20,0
2019-11-21,0
2019-11-22,0
2019-11-23,0
2019-11-24,0
2019-11-25,0
2019-11-26,0
2019-11-27,0
2019-11-28,0
2019-11-29,0
2019-11-30,0
2019-12-01,0
2019-12-02,0
2019-12-03,0
2019-12-04,0
2019-12-05,0
2019-12-06,0
2019-12-07,0
2019-12-08,0
2019-12-09,
2019-12-10,0
2019-12-11,0
2019-12-12,0
2019-12-13,0
2019-12-14,0
2019-12-15,0
2019-12-16,0
2019-12-17,0
2019-12-18,0
2019-12-19,0
2019-12-20,0
2019-12-21,0
2019-12-22,0
2019-12-23,0
2019-12-24,0
2019-12-25,0
2019-12-26,
2019-12-27,0
2019-12-28,0
2019-12-29,0
2019-12-30,0
2019-12-31,0
2020-01-01,0
2020-01-02,0
2020-01-03,0
2020-01-04,0
2020-01-05,0
2020-01-06,0
2020-01-07,0
2020-01-08,0
2020-01-09,0
2020-01-10,0
2020-01-11,0
2020-01-12,0
2020-01-13,0
2020-01-14,0
2020-01-15,0
2020-01-16,0
2020-01-17,0
2020-01-18,
2020-01-19,0
2020-01-20,0
2020-01-21,0
2020-01-22,0
2020-01-23,0
2020-01-24,0
2020-01-25,0
2020-01-26,0
2020-01-27,0
2020-01-28,0
2020-01-29,0
2020-01-30,0
2020-01-31,0
2020-02-01,0
2020-02-02,0
2020-02-03,0
2020-02-04,0
2020-02-05,0
2020-02-06,0
2020-02-07,0
2020-02-08,0
2020-02-09,0
2020-02-10,0
2020-02-11,0
2020-02-12,0
2020-02-13,0
2020-02-14,0
2020-02-15,0
2020-02-16,0
2020-02-17,0
2020-02-18,0
2020-02-19,0
2020-02-20,0
2020-02-21,0
2020-02-22,0
2020-02-23,0
2020-02-24,0
2020-02-25,0
2020-02-26,0
2020-02-27,0
2020-02-28,0
2020-02-29,0
2020-03-01,0
2020-03-02,0
2020-03-03,0
2020-03-04,0
2020-03-05,0
2020-03-06,0
2020-03-07,0
2020-03-08,0
2020-03-09,0
2020-03-10,0
2020-03-11,0
2020-03-12,0
2020-03-13,0
2020-03-14,0
2020-03-15,0
2020-03-16,0
2020-03-17,0
2020-03-18,0
2020-03-19,
2020-03-20,0
2020-03-21,
2020-03-22,0
2020-03-23,0
2020-03-24,0
2020-03-25,
2020-03-26,0
2020-03-27,0
2020-03-28,0
2020-03-29,0
2020-03-30,0
2020-03-31,0
2020-04-01,0
2020-04-02,0
2020-04-03,0
2020-04-04,0
2020-04-05,0
2020-04-06,0
2020-04-07,0
2020-04-08,0
2020-04-09,0
2020-04-10,0
2020-04-11,0
2020-04-12,0
2020-04-13,0
2020-04-14,0
2020-04-15,0
2020-04-16,0
2020-04-17,0
2020-04-18,0
2020-04-19,0
2020-04-20,0
2020-04-21,0
2020-04-22,0
2020-04-23,0
2020-04-24,0
2020-04-25,0
2020-04-26,0
2020-04-27,0
2020-04-28,0
2020-04-29,0
2020-04-30,0
2020-05-01,0
2020-05-02,0
2020-05-03,0
2020-05-04,0
2020-05-05,0
2020-05-06,0
2020-05-07,0
2020-05-08,0
2020-05-09,0
2020-05-10,0
2020-05-11,0
2020-05-12,0
2020-05-13,0
2020-05-14,0
2020-05-15,0
2020-05-16,0
2020-05-17,0
2020-05-18,0
2020-05-19,0
2020-05-20,0
2020-05-21,0
2020-05-22,0
2020-05-23,0
2020-05-24,0
2020-05-25,0
2020-05-26,0
2020-05-27,0
2020-05-28,0
2020-05-29,0
2020-05-30,0
2020-05-31,0
2020-06-01,0
2020-06-02,0
2020-06-03,0
2020-06-04,0
2020-06-05,0
2020-06-06,0
2020-06-07,0
2020-06-08,0
2020-06-09,
2020-06-10,0
2020-06-11,0
2020-06-12,0
2020-06-13,0
2020-06-14,0
2020-06-15,0
2020-06-16,0
2020-06-17,0
2020-06-18,0
2020-06-19,0
2020-06-20,0
2020-06-21,0
2020-06-22,0
2020-06-23,0
2020-06-24,0
2020-06-25,0
2020-06-26,0
2020-06-27,0
2020-06-28,0
2020-06-29,0
2020-06-30,0
2020-07-01,0
2020-07-02,
2020-07-03,0
2020-07-04,0
2020-07-05,0
2020-07-06,
2020-07-07,
2020-07-08,0
2020-07-09,0
2020-07-10,0
2020-07-11,0
2020-07-12,0
2020-07-13,0
2020-07-14,0
2020-07-15,0
2020-07-16,0
2020-07-17,0
2020-07-18,0
2020-07-19,0
2020-07-20,0
2020-07-21,0
2020-07-22,0
2020-07-23,
2020-07-24,0
2020-07-25,0
2020-07-26,0
2020-07-27,0
2020-07-28,0
2020-07-29,0
2020-07-30,0
2020-07-31,0
2020-08-01,0
2020-08-02,0
2020-08-03,0
2020-08-04,0
2020-08-05,0
2020-08-06,0
2020-08-07,0
2020-08-08,0
2020-08-09,0
2020-08-10,0
2020-08-11,
2020-08-12,0
2020-08-13,0
2020-08-14,0
2020-08-15,0
2020-08-16,0
2020-08-17,0
2020-08-18,0
2020-08-19,0
2020-08-20,
2020-08-21,0
2020-08-22,0
2020-08-23,0
2020-08-24,0
2020-08-25,
2020-08-26,
2020-08-27,
2020-08-28,0
2020-08-29,0
2020-08-30,0
2020-08-31,0
2020-09-01,0
2020-09-02,0
2020-09-03,0
2020-09-04,0
2020-09-05,0
2020-09-06,0
2020-09-07,0
2020-09-08,0
2020-09-09,
2020-09-10,0
2020-09-11,
2020-09-12,0
2020-09-13,0
2020-09-14,0
2020-09-15,0
2020-09-16,0
2020-09-17,0
2020-09-18,0
2020-09-19,0
2020-09-20,0
2020-09-21,0
2020-09-22,0
2020-09-23,0
2020-09-24,0
2020-09-25,0
2020-09-26,0
2020-09-27,0
2020-09-28,0
2020-09-29,
2020-09-30,0
2020-10-01,0
2020-10-02,0
2020-10-03,0
2020-10-04,0
2020-10-05,0
2020-10-06,0
2020-10-07,0
2020-10-08,0
2020-10-09,0
2020-10-10,0
2020-10-11,0
2020-10-12,0
2020-10-13,0
2020-10-14,0
2020-10-15,0
2020-10-16,0
2020-10-17,0
2020-10-18,0
2020-10-19,0
2020-10-20,0
2020-10-21,0
2020-10-22,0
2020-10-23,0
2020-10-24,0
2020-10-25,0
2020-10-26,0
2020-10-27,0
2020-10-28,0
2020-10-29,0
2020-10-30,0
2020-10-31,0
2020-11-01,0
2020-11-02,0
2020-11-03,0
2020-11-04,0
2020-11-05,0
2020-11-06,0
2020-11-07,0
2020-11-08,0
2020-11-09,0
2020-11-10,0
2020-11-11,0
2020-11-12,0
2020-11-13,0
2020-11-14,0
2020-11-15,0
2020-11-16,0
2020-11-17,0
2020-11-18,0
2020-11-19,0
2020-11-20,0
2020-11-21,0
2020-11-22,0
2020-11-23,0
2020-11-24,0
2020-11-25,0
2020-11-26,0
2020-11-27,0
2020-11-28,0
2020-11-29,0
2020-11-30,0
2020-12-01,0
2020-12-02,0
2020-12-03,
2020-12-04,0
2020-12-05,0
2020-12-06,0
2020-12-07,0
2020-12-08,0
2020-12-09,0
2020-12-10,0
2020-12-11,0
2020-12-12,0
2020-12-13,
2020-12-14,0
2020-12-15,0
2020-12-16,0
2020-12-17,0
2020-12-18,0
2020-12-19,0
2020-12-20,0
2020-12-21,0
2020-12-22,0
2020-12-23,0
2020-12-24,0
2020-12-25,0
2020-12-26,0
2020-12-27,0
2020-12-28,0
2020-12-29,0
2020-12-30,0
2020-12-31,0
2021-01-01,0
2021-01-02,0
2021-01-03,0
2021-01-04,0
2021-01-05,0
2021-01-06,0
2021-01-07,0
2021-01-08,0
2021-01-09,0
2021-01-10,0
2021-01-11,0
2021-01-12,0
2021-01-13,0
2021-01-14,0
2021-01-15,0
2021-01-16,0
2021-01-17,0
2021-01-18,0
2021-01-19,0
2021-01-20,0
2021-01-21,0
2021-01-22,0
2021-01-23,0
2021-01-24,0
2021-01-25,0
2021-01-26,0
2021-01-27,0
2021-01-28,0
2021-01-29,0
2021-01-30,0
2021-01-31,0
2021-02-01,0
2021-02-02,0
2021-02-03,0
2021-02-04,0
2021-02-05,0
2021-02-06,0
2021-02-07,0
2021-02-08,0
2021-02-09,0
2021-02-10,0
2021-02-11,0
2021-02-12,0
2021-02-13,0
2021-02-14,0
2021-02-15,0
2021-02-16,0
2021-02-17,0
2021-02-18,0
2021-02-19,0
2021-02-20,0
2021-02-21,0
2021-02-22,0
2021-02-23,
2021-02-24,0
2021-02-25,0
2021-02-26,0
2021-02-27,0
2021-02-28,0
2021-03-01,0
2021-03-02,0
2021-03-03,0
2021-03-04,0
2021-03-05,0
2021-03-06,0
2021-03-07,0
2021-03-08,0
2021-03-09,0
2021-03-10,0
2021-03-11,
2021-03-12,0
2021-03-13,0
2021-03-14,0
2021-03-15,0
2021-03-16,0
2021-03-17,0
2021-03-18,0
2021-03-19,0
2021-03-20,0
2021-03-21,0
2021-03-22,0
2021-03-23,0
2021-03-24,0
2021-03-25,0
2021-03-26,0
2021-03-27,0
2021-03-28,0
2021-03-29,0
2021-03-30,0
2021-03-31,
2021-04-01,0
2021-04-02,0
2021-04-03,0
2021-04-04,0
2021-04-05,0
2021-04-06,0
2021-04-07,0
2021-04-08,0
2021-04-09,0
2021-04-10,0
2021-04-11,0
2021-04-12,0
2021-04-13,0
2021-04-14,0
2021-04-15,0
2021-04-16,0
2021-04-17,0
2021-04-18,0
2021-04-19,0
2021-04-20,0
2021-04-21,0
2021-04-22,0
2021-04-23,0
2021-04-24,0
2021-04-25,0
2021-04-26,0
2021-04-27,0
2021-04-28,0
2021-04-29,0
2021-04-30,0
2021-05-01,0
2021-05-02,0
2021-05-03,0
2021-05-04,0
2021-05-05,0
2021-05-06,0
2021-05-07,0
2021-05-08,0
2021-05-09,0
2021-05-10,0
2021-05-11,0
2021-05-12,0
2021-05-13,0
2021-05-14,0
2021-05-15,0
2021-05-16,0
2021-05-17,0
2021-05-18,0
2021-05-19,0
2021-05-20,0
2021-05-21,0
2021-05-22,0
2021-05-23,0
2021-05-24,0
2021-05-25,0
2021-05-26,0
2021-05-27,0
2021-05-28,0
2021-05-29,0
2021-05-30,0
2021-05-31,0
2021-06-01,0
2021-06-02,0
2021-06-03,0
2021-06-04,0
2021-06-05,0
2021-06-06,0
2021-06-07,0
2021-06-08,0
2021-06-09,0
2021-06-10,0
2021-06-11,0
2021-06-12,0
2021-06-13,0
2021-06-14,0
2021-06-15,0
2021-06-16,0
2021-06-17,0
2021-06-18,0
2021-06-19,0
2021-06-20,0
2021-06-21,0
2021-06-22,0
2021-06-23,0
2021-06-24,0
2021-06-25,0
2021-06-26,0
2021-06-27,0
2021-06-28,0
2021-06-29,0
2021-06-30,0
2021-07-01,0
2021-07-02,0
2021-07-03,0
2021-07-04,0
2021-07-05,0
2021-07-06,0
2021-07-07,0
2021-07-08,0
2021-07-09,0
2021-07-10,0
2021-07-11,0
2021-07-12,0
2021-07-13,0
2021-07-14,0
2021-07-15,0
2021-07-16,0
2021-07-17,0
2021-07-18,0
2021-07-19,0
2021-07-20,0
2021-07-21,0
2021-07-22,0
2021-07-23,0
2021-07-24,0
2021-07-25,0
2021-07-26,0
2021-07-27,0
2021-07-28,0
2021-07-29,0
2021-07-30,0
2021-07-31,0
2021-08-01,0
2021-08-02,0
2021-08-03,0
2021-08-04,0
2021-08-05,0
2021-08-06,0
2021-08-07,0
2021-08-08,0
2021-08-09,0
2021-08-10,0
2021-08-11,0
2021-08-12,0
2021-08-13,0
2021-08-14,0
2021-08-15,0
2021-08-16,0
2021-08-17,0
2021-08-18,0
2021-08-19,0
2021-08-20,0
2021-08-21,0
2021-08-22,0
2021-08-23,0
2021-08-24,0
2021-08-25,0
2021-08-26,0
2021-08-27,
2021-08-28,0
2021-08-29,0
2021-08-30,0
2021-08-31,0
2021-09-01,0
2021-09-02,0
2021-09-03,0
2021-09-04,0
2021-09-05,0
2021-09-06,0
2021-09-07,0
2021-09-08,0
2021-09-09,0
2021-09-10,0
2021-09-11,0
2021-09-12,0
2021-09-13,0
2021-09-14,0
2021-09-15,0
2021-09-16,0
2021-09-17,0
2021-09-18,0
2021-09-19,0
2021-09-20,0
2021-09-21,0
2021-09-22,0
2021-09-23,
2021-09-24,0
2021-09-25,0
2021-09-26,0
2021-09-27,0
2021-09-28,0
2021-09-29,0
2021-09-30,0
2021-10-01,0
2021-10-02,
2021-10-03,0
2021-10-04,0
2021-10-05,0
2021-10-06,0
2021-10-07,0
2021-10-08,0
2021-10-09,0
2021-10-10,0
2021-10-11,0
2021-10-12,0
2021-10-13,0
2021-10-14,0
2021-10-15,0
2021-10-16,0
2021-10-17,0
2021-10-18,0
2021-10-19,0
2021-10-20,0
2021-10-21,0
2021-10-22,0
2021-10-23,0
2021-10-24,0
2021-10-25,0
2021-10-26,0
2021-10-27,0
2021-10-28,0
2021-10-29,0
2021-10-30,0
2021-10-31,0
2021-11-01,0
2021-11-02,0
2021-11-03,0
2021-11-04,0
2021-11-05,0
2021-11-06,0
2021-11-07,0
2021-11-08,0
2021-11-09,0
2021-11-10,0
2021-11-11,0
2021-11-12,0
2021-11-13,0
2021-11-14,0
2021-11-15,0
2021-11-16,0
2021-11-17,0
2021-11-18,0
2021-11-19,0
2021-11-20,0
2021-11-21,0
2021-11-22,0
2021-11-23,0
2021-11-24,0
2021-11-25,0
2021-11-26,0
2021-11-27,0
2021-11-28,0
2021-11-29,0
2021-11-30,0
2021-12-01,0
2021-12-02,0
2021-12-03,0
2021-12-04,0
2021-12-05,0
2021-12-06,0
2021-12-07,0
2021-12-08,0
2021-12-09,0
2021-12-10,0
2021-12-11,0
2021-12-12,0
2021-12-13,0
2021-12-14,0
2021-12-15,0
2021-12-16,0
2021-12-17,0
2021-12-18,0
2021-12-19,0
2021-12-20,0
2021-12-21,0
2021-12-22,0
2021-12-23,0
2021-12-24,0
2021-12-25,0
2021-12-26,0
2021-12-27,0
2021-12-28,0
2021-12-29,0
2021-12-30,0
2021-12-31,0
2022-01-01,0
2022-01-02,0
2022-01-03,0
2022-01-04,0
2022-01-05,0
2022-01-06,0
2022-01-07,0
2022-01-08,0
2022-01-09,0
2022-01-10,0
2022-01-11,
2022-01-12,0
2022-01-13,0
2022-01-14,0
2022-01-15,0
2022-01-16,0
2022-01-17,0
2022-01-18,0
2022-01-19,0
2022-01-20,0
2022-01-21,0
2022-01-22,0
2022-01-23,0
2022-01-24,0
2022-01-25,0
2022-01-26,0
2022-01-27,0
2022-01-28,0
2022-01-29,0
2022-01-30,
2022-01-31,0
2022-02-01,0
2022-02-02,0
2022-02-03,0
2022-02-04,0
2022-02-05,0
2022-02-06,0
2022-02-07,0
2022-02-08,0
2022-02-09,0
2022-02-10,0
2022-02-11,0
2022-02-12,0
2022-02-13,0
2022-02-14,0
2022-02-15,0
2022-02-16,0
2022-02-17,0
2022-02-18,0
2022-02-19,0
2022-02-20,0
2022-02-21,0
2022-02-22,0
2022-02-23,0
2022-02-24,0
2022-02-25,0
2022-02-26,0
2022-02-27,0
2022-02-28,0
2022-03-01,0
2022-03-02,
2022-03-03,0
2022-03-04,0
2022-03-05,0
2022-03-06,0
2022-03-07,0
2022-03-08,0
2022-03-09,0
2022-03-10,0
2022-03-11,0
2022-03-12,0
2022-03-13,0
2022-03-14,0
2022-03-15,0
2022-03-16,0
2022-03-17,0
2022-03-18,0
2022-03-19,0
2022-03-20,0
2022-03-21,0
2022-03-22,
2022-03-23,0
2022-03-24,0
2022-03-25,0
2022-03-26,0
2022-03-27,0
2022-03-28,0
2022-03-29,0
2022-03-30,0
2022-03-31,0
2022-04-01,0
2022-04-02,0
2022-04-03,0
2022-04-04,0
2022-04-05,0
2022-04-06,0
2022-04-07,0
2022-04-08,0
2022-04-09,0
2022-04-10,0
2022-04-11,0
2022-04-12,0
2022-04-13,0
2022-04-14,
2022-04-15,0
2022-04-16,0
2022-04-17,0
2022-04-18,0
2022-04-19,0
2022-04-20,0
2022-04-21,0
2022-04-22,0
2022-04-23,0
2022-04-24,0
2022-04-25,0
2022-04-26,0
2022-04-27,0
2022-04-28,0
2022-04-29,0
2022-04-30,0
2022-05-01,0
2022-05-02,0
2022-05-03,0
2022-05-04,0
2022-05-05,0
2022-05-06,0
2022-05-07,0
2022-05-08,0
2022-05-09,0
2022-05-10,0
2022-05-11,0
2022-05-12,0
2022-05-13,0
2022-05-14,0
2022-05-15,0
2022-05-16,0
2022-05-17,0
2022-05-18,0
2022-05-19,0
2022-05-20,0
2022-05-21,0
2022-05-22,0
2022-05-23,0
2022-05-24,0
2022-05-25,0
2022-05-26,0
2022-05-27,0
2022-05-28,0
2022-05-29,0
2022-05-30,0
2022-05-31,0
2022-06-01,0
2022-06-02,0
2022-06-03,0
2022-06-04,0
2022-06-05,0
2022-06-06,0
2022-06-07,0
2022-06-08,0
2022-06-09,0
2022-06-10,0
2022-06-11,0
2022-06-12,0
2022-06-13,0
2022-06-14,0
2022-06-15,0
2022-06-16,0
2022-06-17,0
2022-06-18,0
2022-06-19,0
2022-06-20,0
2022-06-21,0
2022-06-22,0
2022-06-23,0
2022-06-24,0
2022-06-25,0
2022-06-26,0
2022-06-27,0
2022-06-28,0
2022-06-29,0
2022-06-30,0
2022-07-01,0
2022-07-02,0
2022-07-03,0
2022-07-04,0
2022-07-05,0
2022-07-06,0
2022-07-07,0
2022-07-08,0
2022-07-09,0
2022-07-10,0
2022-07-11,0
2022-07-12,0
2022-07-13,0
2022-07-14,0
2022-07-15,0
2022-07-16,0
2022-07-17,0
2022-07-18,0
2022-07-19,0
2022-07-20,0
2022-07-21,0
2022-07-22,0
2022-07-23,0
2022-07-24,0
2022-07-25,0
2022-07-26,0
2022-07-27,0
2022-07-28,0
2022-07-29,0
2022-07-30,0
2022-07-31,0
2022-08-01,0
2022-08-02,0
2022-08-03,0
2022-08-04,0
2022-08-05,0
2022-08-06,0
2022-08-07,0
2022-08-08,0
2022-08-09,0
2022-08-10,0
2022-08-11,0
2022-08-12,
2022-08-13,0
2022-08-14,0
2022-08-15,
2022-08-16,
2022-08-17,
2022-08-18,
2022-08-19,0
2022-08-20,0
2022-08-21,0
2022-08-22,
2022-08-23,
2022-08-24,0
2022-08-25,0
2022-08-26,
2022-08-27,0
2022-08-28,0
2022-08-29,0
2022-08-30,
2022-08-31,0
2022-09-01,
2022-09-02,0
2022-09-03,0
2022-09-04,
2022-09-05,0
2022-09-06,0
2022-09-07,0
2022-09-08,0
2022-09-09,0
2022-09-10,0
2022-09-11,0
2022-09-12,0
2022-09-13,0
2022-09-14,0
2022-09-15,0
2022-09-16,
2022-09-17,0
2022-09-18,0
2022-09-19,0
2022-09-20,0
2022-09-21,0
2022-09-22,0
2022-09-23,0
2022-09-24,0
2022-09-25,0
2022-09-26,0
2022-09-27,0
2022-09-28,0
2022-09-29,0
2022-09-30,0
2022-10-01,0
2022-10-02,0
2022-10-03,0
2022-10-04,0
2022-10-05,0
2022-10-06,
2022-10-07,0
2022-10-08,0
2022-10-09,0
2022-10-10,0
2022-10-11,0
2022-10-12,0
2022-10-13,0
2022-10-14,0
2022-10-15,0
2022-10-16,0
2022-10-17,0
2022-10-18,0
2022-10-19,0
2022-10-20,0
2022-10-21,0
2022-10-22,0
2022-10-23,0
2022-10-24,0
2022-10-25,0
2022-10-26,0
2022-10-27,0
2022-10-28,0
2022-10-29,0
2022-10-30,0
2022-10-31,0
2022-11-01,0
2022-11-02,0
2022-11-03,0
2022-11-04,0
2022-11-05,0
2022-11-06,0
2022-11-07,0
2022-11-08,0
2022-11-09,0
2022-11-10,0
2022-11-11,0
2022-11-12,0
2022-11-13,0
2022-11-14,0
2022-11-15,0
2022-11-16,0
2022-11-17,0
2022-11-18,
2022-11-19,0
2022-11-20,0
2022-11-21,0
2022-11-22,0
2022-11-23,0
2022-11-24,0
2022-11-25,0
2022-11-26,0
2022-11-27,0
2022-11-28,0
2022-11-29,0
2022-11-30,0
2022-12-01,0
2022-12-02,0
2022-12-03,0
2022-12-04,0
2022-12-05,0
2022-12-06,0
2022-12-07,0
2022-12-08,0
2022-12-09,0
2022-12-10,0
2022-12-11,0
2022-12-12,0
2022-12-13,0
2022-12-14,0
2022-12-15,0
2022-12-16,0
2022-12-17,0
2022-12-18,0
2022-12-19,0
2022-12-20,0
2022-12-21,0
2022-12-22,0
2022-12-23,0
2022-12-24,0
2022-12-25,0
2022-12-26,0
2022-12-27,0
2022-12-28,0
2022-12-29,0
2022-12-30,0
2022-12-31,0
2023-01-01,0
2023-01-02,0
2023-01-03,0
2023-01-04,0
2023-01-05,0
2023-01-06,0
2023-01-07,0
2023-01-08,0
2023-01-09,0
2023-01-10,0
2023-01-11,0
2023-01-12,0
2023-01-13,0
2023-01-14,0
2023-01-15,0
2023-01-16,0
2023-01-17,0
2023-01-18,0
2023-01-19,0
2023-01-20,0
2023-01-21,0
2023-01-22,0
2023-01-23,0
2023-01-24,0
2023-01-25,0
2023-01-26,0
2023-01-27,0
2023-01-28,0
2023-01-29,0
2023-01-30,0
2023-01-31,0
2023-02-01,0
2023-02-02,0
2023-02-03,0
2023-02-04,0
2023-02-05,0
2023-02-06,0
2023-02-07,0
2023-02-08,0
2023-02-09,0
2023-02-10,0
2023-02-11,0
2023-02-12,0
2023-02-13,0
2023-02-14,0
2023-02-15,0
2023-02-16,0
2023-02-17,0
2023-02-18,0
2023-02-19,0
2023-02-20,0
2023-02-21,0
2023-02-22,0
2023-02-23,0
2023-02-24,0
2023-02-25,0
2023-02-26,
2023-02-27,
2023-02-28,
2023-03-01,0
2023-03-02,
2023-03-03,0
2023-03-04,0
2023-03-05,0
2023-03-06,0
2023-03-07,
2023-03-08,
2023-03-09,0
2023-03-10,0
2023-03-11,0
2023-03-12,0
2023-03-13,
2023-03-14,0
2023-03-15,0
2023-03-16,0
2023-03-17,
2023-03-18,0
2023-03-19,0
2023-03-20,0
2023-03-21,
2023-03-22,0
2023-03-23,0
2023-03-24,0
2023-03-25,0
2023-03-26,0
2023-03-27,
2023-03-28,0
2023-03-29,0
2023-03-30,0
2023-03-31,0
2023-04-01,0
2023-04-02,0
2023-04-03,
2023-04-04,
2023-04-05,0
2023-04-06,0
2023-04-07,0
2023-04-08,0
2023-04-09,0
2023-04-10,0
2023-04-11,0
2023-04-12,0
2023-04-13,0
2023-04-14,0
2023-04-15,0
2023-04-16,0
2023-04-17,0
2023-04-18,0
2023-04-19,0
2023-04-20,0
2023-04-21,0
2023-04-22,0
2023-04-23,0
2023-04-24,
2023-04-25,0
2023-04-26,0
2023-04-27,0
2023-04-28,0
2023-04-29,0
2023-04-30,0
2023-05-01,
2023-05-02,0
2023-05-03,0
2023-05-04,0
2023-05-05,0
2023-05-06,0
2023-05-07,0
2023-05-08,
2023-05-09,0
2023-05-10,0
2023-05-11,
2023-05-12,0
2023-05-13,0
2023-05-14,0
2023-05-15,0
2023-05-16,0
2023-05-17,0
2023-05-18,0
2023-05-19,0
2023-05-20,0
2023-05-21,0
2023-05-22,0
2023-05-23,0
2023-05-24,0
2023-05-25,0
2023-05-26,0
2023-05-27,0
2023-05-28,0
2023-05-29,0
2023-05-30,0
2023-05-31,0
2023-06-01,0
2023-06-02,0
2023-06-03,0
2023-06-04,0
2023-06-05,0
2023-06-06,0
2023-06-07,0
2023-06-08,0
2023-06-09,0
2023-06-10,0
2023-06-11,0
2023-06-12,0
2023-06-13,0
2023-06-14,0
2023-06-15,0
2023-06-16,0
2023-06-17,0
2023-06-18,0
2023-06-19,0
2023-06-20,0
2023-06-21,0
2023-06-22,0
2023-06-23,0
2023-06-24,0
2023-06-25,0
2023-06-26,0
2023-06-27,0
2023-06-28,0
2023-06-29,0
2023-06-30,0
2023-07-01,0
2023-07-02,0
2023-07-03,0
2023-07-04,0
2023-07-05,0
2023-07-06,0
2023-07-07,0
2023-07-08,0
2023-07-09,0
2023-07-10,0
2023-07-11,0
2023-07-12,0
2023-07-13,0
2023-07-14,0
2023-07-15,0
2023-07-16,0
2023-07-17,0
2023-07-18,0
2023-07-19,0
2023-07-20,0
2023-07-21,0
2023-07-22,0
2023-07-23,0
2023-07-24,0
2023-07-25,0
2023-07-26,0
2023-07-27,0
2023-07-28,0
2023-07-29,0
2023-07-30,0
2023-07-31,0
2023-08-01,0
2023-08-02,
2023-08-03,0
2023-08-04,0
2023-08-05,0
2023-08-06,0
2023-08-07,
2023-08-08,
2023-08-09,
2023-08-10,
2023-08-11,
2023-08-12,
2023-08-13,
2023-08-14,
2023-08-15,0
2023-08-16,
2023-08-17,
2023-08-18,
2023-08-19,
2023-08-20,
2023-08-21,
2023-08-22,
2023-08-23,
2023-08-24,
2023-08-25,0
2023-08-26,0
2023-08-27,0
2023-08-28,0
2023-08-29,
2023-08-30,0
2023-08-31,0
2023-09-01,0
2023-09-02,0
2023-09-03,0
2023-09-04,0
2023-09-05,0
2023-09-06,0
2023-09-07,0
2023-09-08,0
2023-09-09,0
2023-09-10,0
2023-09-11,0
2023-09-12,0
2023-09-13,0
2023-09-14,0
2023-09-15,0
2023-09-16,0
2023-09-17,0
2023-09-18,0
2023-09-19,0
2023-09-20,
2023-09-21,0
2023-09-22,0
2023-09-23,0
2023-09-24,0
2023-09-25,0
2023-09-26,0
2023-09-27,0
2023-09-28,0
2023-09-29,
2023-09-30,0
2023-10-01,0
2023-10-02,0
2023-10-03,0
2023-10-04,0
2023-10-05,0
2023-10-06,0
2023-10-07,0
2023-10-08,0
2023-10-09,0
2023-10-10,0
2023-10-11,
2023-10-12,0
2023-10-13,0
2023-10-14,0
2023-10-15,0
2023-10-16,
2023-10-17,
2023-10-18,
2023-10-19,
2023-10-20,0
2023-10-21,
2023-10-22,0
2023-10-23,0
2023-10-24,0
2023-10-25,0
2023-10-26,
2023-10-27,0
2023-10-28,0
2023-10-29,0
2023-10-30,0
2023-10-31,
2023-11-01,0
2023-11-02,
2023-11-03,
2023-11-04,0
2023-11-05,0
2023-11-06,
2023-11-07,0
2023-11-08,0
2023-11-09,0
2023-11-10,
2023-11-11,0
2023-11-12,0
2023-11-13,0
2023-11-14,
2023-11-15,
2023-11-16,
2023-11-17,
2023-11-18,35.29
2023-11-19,66.67
2023-11-20,50
2023-11-21,35.29
2023-11-22,68.97
2023-11-23,42.86
2023-11-24,48
2023-11-25,40.91
2023-11-26,33.33
2023-11-27,66.67
2023-11-28,33.33
2023-11-29,57.14
2023-11-30,47.06
2023-12-01,50
2023-12-02,100
2023-12-03,50
2023-12-04,100
2023-12-05,100
2023-12-06,39.7
2023-12-07,36.36
2023-12-08,77.78
2023-12-09,44.44
2023-12-10,62.86
2023-12-11,31.85
2023-12-12,47.75
2023-12-13,44.44
2023-12-14,43.48
2023-12-15,52.38
2023-12-16,69.7
2023-12-17,78.57
2023-12-18,71.43
2023-12-19,100
2023-12-20,100
2023-12-21,60
2023-12-22,92.86
2023-12-23,90.91
2023-12-24,68
2023-12-25,100
2023-12-26,100
2023-12-27,87.5
2023-12-28,35.26
2023-12-29,41
2023-12-30,36.26
2023-12-31,35.47
2024-01-01,35.18
2024-01-02,46.25
2024-01-03,48.47
2024-01-04,87.5
2024-01-05,85.19
2024-01-06,96.3
2024-01-07,85.71
2024-01-08,94.44
2024-01-09,90.48
2024-01-10,82.35
2024-01-11,94.12
2024-01-12,33.8
2024-01-13,45.54
2024-01-14,37.04
2024-01-15,36.33
2024-01-16,38.62
2024-01-17,42.46
2024-01-18,46.61
2024-01-19,78.26
2024-01-20,70.59
2024-01-21,100
2024-01-22,93.75
2024-01-23,90.91
2024-01-24,75
2024-01-25,85.71
2024-01-26,91.3
2024-01-27,100
2024-01-28,92.31
2024-01-29,77.78
2024-01-30,100
2024-01-31,100
2024-02-01,88.24
2024-02-02,83.33
2024-02-03,86.21
2024-02-04,78.57
2024-02-05,100
2024-02-06,93.75
2024-02-07,100
2024-02-08,90.91
2024-02-09,92.31
2024-02-10,72.73
2024-02-11,86.67
2024-02-12,93.33
2024-02-13,77.78
2024-02-14,100
2024-02-15,66.67
2024-02-16,100
2024-02-17,75
2024-02-18,94.12
2024-02-19,91.67
2024-02-20,64.71
2024-02-21,100
2024-02-22,83.33
2024-02-23,80
2024-02-24,75
2024-02-25,100
2024-02-26,81.82
2024-02-27,80
2024-02-28,87.5
2024-02-29,52.63
2024-03-01,100
2024-03-02,30.77
2024-03-03,85.71
2024-03-04,83.33
2024-03-05,92.86
2024-03-06,90
2024-03-07,92.86
2024-03-08,85.71
2024-03-09,82.76
2024-03-10,54.55
2024-03-11,93.75
2024-03-12,77.14
2024-03-13,96.3
2024-03-14,81.82
2024-03-15,70.37
2024-03-16,73.33
2024-03-17,100
2024-03-18,88
2024-03-19,91.3
2024-03-20,84.21
2024-03-21,88.57
2024-03-22,36.04
2024-03-23,30.6
2024-03-24,37.09
2024-03-25,37.14
2024-03-26,35.37
2024-03-27,52.05
2024-03-28,66.67
2024-03-29,84.62
2024-03-30,88.24
2024-03-31,84.21
2024-04-01,80.95
2024-04-02,91.67
2024-04-03,91.3
2024-04-04,83.33
2024-04-05,76.92
2024-04-06,90.32
2024-04-07,100
2024-04-08,86.67
2024-04-09,84.62
2024-04-10,100
2024-04-11,93.33
2024-04-12,95.83
2024-04-13,85.19
2024-04-14,81.25
2024-04-15,72.22
2024-04-16,70
2024-04-17,92.31
2024-04-18,81.82
2024-04-19,88.89
2024-04-20,81.25
2024-04-21,88.89
2024-04-22,100
2024-04-23,100
2024-04-24,56.67
2024-04-25,75
2024-04-26,82.35
2024-04-27,85.71
2024-04-28,88.89
2024-04-29,85.71
2024-04-30,87.5
2024-05-01,63.64
2024-05-02,70.37
2024-05-03,89.47
2024-05-04,92.31
2024-05-05,90.91
2024-05-06,83.33
2024-05-07,91.67
2024-05-08,100
2024-05-09,100
2024-05-10,70.45
2024-05-11,73.33
2024-05-12,75
2024-05-13,54.55
2024-05-14,62.5
2024-05-15,88.24
2024-05-16,84.62
2024-05-17,85.71
2024-05-18,90.91
2024-05-19,92.31
2024-05-20,90.48
2024-05-21,75.76
2024-05-22,80
2024-05-23,90.48
2024-05-24,94.12
2024-05-25,82.86
2024-05-26,96
2024-05-27,90.48
2024-05-28,68.91
2024-05-29,90.38
2024-05-30,92.16
2024-05-31,91.84
2024-06-01,88
2024-06-02,84.85
2024-06-03,78.79
2024-06-04,85
2024-06-05,93.06
2024-06-06,97.26
2024-06-07,81.82
2024-06-08,88.46
2024-06-09,93.06
2024-06-10,93.42
2024-06-11,86.17
2024-06-12,89.55
2024-06-13,91.39
2024-06-14,88.35
2024-06-15,91.04
2024-06-16,89.13
2024-06-17,93.1
2024-06-18,93.15
2024-06-19,87.38
2024-06-20,89.91
2024-06-21,90.08
2024-06-22,96.51
2024-06-23,93.55
2024-06-24,93.33
2024-06-25,89
2024-06-26,83.04
2024-06-27,94.68
2024-06-28,91.01
2024-06-29,98.46
2024-06-30,82.22
2024-07-01,88.31
2024-07-02,91.89
2024-07-03,50.18
2024-07-04,61.87
2024-07-05,73.49
2024-07-06,73.68
2024-07-07,72.16
2024-07-08,93.81
2024-07-09,69.01
2024-07-10,85.29
2024-07-11,95.21
2024-07-12,86.61
2024-07-13,83.58
2024-07-14,93.68
2024-07-15,93.75
2024-07-16,94.34
2024-07-17,88.41
2024-07-18,97.4
2024-07-19,90.72
2024-07-20,90
2024-07-21,89.81
2024-07-22,93.75
2024-07-23,85.14
2024-07-24,89.16
2024-07-25,93.75
2024-07-26,84.88
2024-07-27,92.21
2024-07-28,92.86
2024-07-29,87.67
2024-07-30,86.6
2024-07-31,93.94
2024-08-01,95.31
2024-08-02,86.9
2024-08-03,94.81
2024-08-04,95.76
2024-08-05,89.25
2024-08-06,89.08
2024-08-07,92.13
2024-08-08,90.91
2024-08-09,95.24
2024-08-10,91.74
2024-08-11,93.33
2024-08-12,95.88
2024-08-13,89.13
2024-08-14,78.33
2024-08-15,85.31
2024-08-16,94.07
2024-08-17,89.17
2024-08-18,90.74
2024-08-19,90.22
2024-08-20,87.27
2024-08-21,95
2024-08-22,93.83
2024-08-23,90.54
2024-08-24,87.18
2024-08-25,94.2
2024-08-26,72.73
2024-08-27,80.65
2024-08-28,86.92
2024-08-29,93.98
2024-08-30,54.84
2024-08-31,83.91
2024-09-01,54.31
2024-09-02,73.53
2024-09-03,49.09
2024-09-04,48.82
2024-09-05,49.34
2024-09-06,44.48
2024-09-07,27.68
2024-09-08,28.99
2024-09-09,29.31
2024-09-10,46.3
2024-09-11,45.45
2024-09-12,29.16
2024-09-13,29.96
2024-09-14,25.65
2024-09-15,29.15
2024-09-16,30.31
2024-09-17,47.04
2024-09-18,51.85
2024-09-19,62.87
2024-09-20,66.29
2024-09-21,66.67
2024-09-22,76.52
2024-09-23,75.2
2024-09-24,72.27
2024-09-25,52.74
2024-09-26,74.26
2024-09-27,60.81
2024-09-28,79.76
2024-09-29,82.01
2024-09-30,79
2024-10-01,87.88
2024-10-02,78.43
2024-10-03,85.03
2024-10-04,84.07
2024-10-05,84.08
2024-10-06,83.65
2024-10-07,79.12
2024-10-08,85.71
2024-10-09,81.94
2024-10-10,85.89
2024-10-11,75.27
2024-10-12,93.04
2024-10-13,91.57
2024-10-14,84.3
2024-10-15,91.67
2024-10-16,92.36
2024-10-17,95.1
2024-10-18,94.07
2024-10-19,93.33
2024-10-20,84.8
2024-10-21,93.55
2024-10-22,81.16
2024-10-23,92.42
2024-10-24,77.89
2024-10-25,69.46
2024-10-26,86.99
2024-10-27,91.1
2024-10-28,88.97
2024-10-29,79.86
2024-10-30,88.04
2024-10-31,94.68
2024-11-01,89.47
2024-11-02,87.29
2024-11-03,90.14
2024-11-04,92.45
2024-11-05,93.83
2024-11-06,88.89
2024-11-07,92.68
2024-11-08,94.68
2024-11-09,92.39
2024-11-10,84.72
2024-11-11,93.1
2024-11-12,90.24
2024-11-13,84.71
2024-11-14,90.91
2024-11-15,83
2024-11-16,80.95
2024-11-17,65.75
2024-11-18,83.64
2024-11-19,73.24
2024-11-20,88.06
2024-11-21,78.79
2024-11-22,92.42
2024-11-23,90.48
2024-11-24,78.85
2024-11-25,73.68
2024-11-26,87.5
2024-11-27,76.56
2024-11-28,77.43
2024-11-29,78.3
2024-11-30,76.35
2024-12-01,82.29
2024-12-02,81.03
2024-12-03,77.98
2024-12-04,78.89
2024-12-05,87.95
2024-12-06,85.71
2024-12-07,90.27
2024-12-08,84.13
2024-12-09,84.05
2024-12-10,85.23
2024-12-11,69.36
2024-12-12,59.38
2024-12-13,63.8
2024-12-14,82.81
2024-12-15,89.53
2024-12-16,85.13
2024-12-17,91.62
2024-12-18,92.9
2024-12-19,90.81
2024-12-20,94.79
2024-12-21,94.55
2024-12-22,95.21
2024-12-23,89.44
2024-12-24,89.8
2024-12-25,88.89
2024-12-26,90.65
2024-12-27,88.6
2024-12-28,93.18
2024-12-29,87.34
2024-12-30,90.2
2024-12-31,79.59
2025-01-01,86.07
2025-01-02,84.48
2025-01-03,89.25
2025-01-04,90.91
2025-01-05,90.14
2025-01-06,90.16
2025-01-07,90.16
2025-01-08,93.26
2025-01-09,89.61
2025-01-10,91.67
2025-01-11,81.88
2025-01-12,80.85
2025-01-13,90
2025-01-14,92.55
2025-01-15,92.38
2025-01-16,93.18
2025-01-17,85.42
2025-01-18,94.16
2025-01-19,88.3
2025-01-20,91.43
2025-01-21,91.18
2025-01-22,90.32
2025-01-23,91.96
2025-01-24,94.51
2025-01-25,91.51
2025-01-26,90.41
2025-01-27,94.58
2025-01-28,89.93
2025-01-29,88.68
2025-01-30,93.01
2025-01-31,89.52
2025-02-01,89.39
2025-02-02,87.39
2025-02-03,92.86
2025-02-04,92.13
2025-02-05,74.93
2025-02-06,60.86
2025-02-07,67.5
2025-02-08,85.29
2025-02-09,85.79
2025-02-10,80.95
2025-02-11,81.82
2025-02-12,93.98
2025-02-13,88.55
2025-02-14,82.59
2025-02-15,85.79
2025-02-16,91.76
2025-02-17,82.26
2025-02-18,92.79
2025-02-19,85.83
2025-02-20,89.13
2025-02-21,76.67
2025-02-22,85.44
2025-02-23,90.48
2025-02-24,88.29
2025-02-25,89.8
2025-02-26,89.66
2025-02-27,87.76
2025-02-28,75.89
2025-03-01,86.76
2025-03-02,95.39
2025-03-03,84.5
2025-03-04,93.27
2025-03-05,89.92
2025-03-06,90.91
2025-03-07,95.47
2025-03-08,88.67
2025-03-09,88.65
2025-03-10,88.79
2025-03-11,98.86
2025-03-12,93.28
2025-03-13,87.5
2025-03-14,85.84
2025-03-15,86.67
2025-03-16,90.24
2025-03-17,92.42
2025-03-18,93.48
2025-03-19,93.39
2025-03-20,89.66
2025-03-21,91.57
2025-03-22,81.98
2025-03-23,94.37
2025-03-24,93.62
2025-03-25,91.75
2025-03-26,88.54
2025-03-27,84.29
2025-03-28,94.58
2025-03-29,94.63
2025-03-30,82.86
2025-03-31,83.78
2025-04-01,86.27
2025-04-02,93.85
2025-04-03,85.54
2025-04-04,70.89
2025-04-05,92.86
2025-04-06,88.61
2025-04-07,90.82
2025-04-08,84.26
2025-04-09,81.98
2025-04-10,96.72
2025-04-11,91.53
2025-04-12,89.47
2025-04-13,87.1
2025-04-14,93.75
2025-04-15,90.79
2025-04-16,87.95
2025-04-17,91.75
2025-04-18,89.86
2025-04-19,86.32
2025-04-20,91.18
2025-04-21,82.43
2025-04-22,83.33
2025-04-23,94.74
2025-04-24,88.89
2025-04-25,90.22
2025-04-26,83.33
2025-04-27,91.78
2025-04-28,89.36
2025-04-29,77.78
2025-04-30,80
2025-05-01,82.14
2025-05-02,97.22
2025-05-03,92.5
2025-05-04,76.47
2025-05-05,91.07
2025-05-06,91.67
2025-05-07,80.7
2025-05-08,83.08
2025-05-09,80
2025-05-10,88.61
2025-05-11,88.37
2025-05-12,75
2025-05-13,84.44
2025-05-14,93.94
2025-05-15,92.31
2025-05-16,85.25
2025-05-17,91.3
2025-05-18,80.95
2025-05-19,86.67
2025-05-20,95.38
2025-05-21,90.63
2025-05-22,87.5
2025-05-23,86.67
2025-05-24,79.41
2025-05-25,92.31
2025-05-26,93.55
2025-05-27,72.09
2025-05-28,85.71
2025-05-29,89.74
2025-05-30,91.67
2025-05-31,89.58
2025-06-01,82.5
2025-06-02,93.33
2025-06-03,93.48
2025-06-04,92.59
2025-06-05,92.68
2025-06-06,89.19
2025-06-07,77.78
2025-06-08,92.86
2025-06-09,84
2025-06-10,70
2025-06-11,85.71
2025-06-12,91.43
2025-06-13,77.78
2025-06-14,80
2025-06-15,86.67
2025-06-16,92
2025-06-17,83.33
2025-06-18,72.22
2025-06-19,72.22
2025-06-20,88
2025-06-21,88.24
2025-06-22,84.62
2025-06-23,86.96
2025-06-24,90.91
2025-06-25,66.67
2025-06-26,93.75
2025-06-27,74.07
2025-06-28,68
2025-06-29,80
2025-06-30,100
2025-07-01,91.67
2025-07-02,82.76
2025-07-03,86.67
2025-07-04,100
2025-07-05,92.86
2025-07-06,89.66
2025-07-07,97.14
2025-07-08,75.44
2025-07-09,93.62
2025-07-10,95.83
2025-07-11,71.43
2025-07-12,83.87
2025-07-13,90.91
2025-07-14,91.67
2025-07-15,88.57
2025-07-16,80
2025-07-17,82.69
2025-07-18,79.31
2025-07-19,90
2025-07-20,71.43
2025-07-21,88.89
2025-07-22,86.96
2025-07-23,89.66
2025-07-24,73.68
2025-07-25,82.76
2025-07-26,100
2025-07-27,92.31
2025-07-28,83.33
2025-07-29,93.33
2025-07-30,100
2025-07-31,92
2025-08-01,92.86
2025-08-02,70.97
2025-08-03,82.22
2025-08-04,96.3
2025-08-05,93.48
2025-08-06,89.47
2025-08-07,88.89
2025-08-08,80.77
2025-08-09,93.75
2025-08-10,92.31
2025-08-11,80
2025-08-12,79.17
2025-08-13,72.73
2025-08-14,77.78
2025-08-15,91.38
2025-08-16,77.42
2025-08-17,80.95
2025-08-18,79.49
2025-08-19,93.55
2025-08-20,86.96
2025-08-21,83.33
2025-08-22,54.17
2025-08-23,88.24
2025-08-24,93.75
2025-08-25,75.86
2025-08-26,91.3
2025-08-27,95.45
2025-08-28,91.89
2025-08-29,77.42
2025-08-30,80.77
2025-08-31,73.33
2025-09-01,90.48
2025-09-02,85.71
2025-09-03,100
2025-09-04,85
2025-09-05,83.72
